word,times
经营,320
产品,277
推动,277
事业部,262
进一步,251
业务,248
市场,231
用户,222
中国,211
职能,204
新,201
做好,198
工作,189
变革,189
创新,185
纪要,174
区域,173
企业,173
思维,171
战略,150
时代,137
研发,137
发展,130
重点,129
提升,124
突破,124
坚定,122
00,122
体系,120
团队,120
做,118
管理,113
核心,111
未来,111
投入,109
机制,109
组织,108
布局,108
数字化,108
总监,107
内容,106
国内,106
方法,105
变化,100
模式,100
加大,99
能力,99
中,99
提示,98
牵头,98
确保,97
转型,96
总部,96
负责人,94
品牌,94
管理层,93
发送,92
技术,91
总裁,91
美,89
骨干,89
大胆,88
大楼,88
整理,87
改变,87
品类,87
中央研究院,87
会议室,86
渠道,85
体现,81
海外,77
供应链,77
协同,76
国际,76
财经,75
项目,75
解决,74
人才,74
相关,73
方向,73
现有,72
周一,72
梳理,71
例会,68
内部,67
周,67
效率,66
外部,65
目标,65
优势,64
中心,64
疫情,64
体验,62
科技,60
建立,60
人力资源,60
规划,60
结构,59
引入,59
建设,58
员工,58
面对,58
机会,58
运营,57
改善,56
投资,56
一致性,56
管控,55
执行,55
B2912,55
平台,53
增长,52
公司,52
零售,51
长期,51
尝试,49
制造,49
过程,49
围绕,49
办,48
推进,48
分析,48
行业,48
力度,47
曹志杰,47
调整,47
内销,47
资源,46
落实,46
智能化,46
整体,46
级,46
合规,46
电商,45
小家电,45
落地,44
IoT,44
M4,44
优化,44
持续,43
总经理,43
基础,43
自我,43
清晰,43
势力,43
活力,42
抓住,42
价值,42
互联网,42
思路,41
板块,41
思考,40
高度,39
标准,39
领先,39
终端,38
传播,38
驱动,38
生活,38
风险,37
政策,37
两个,37
强化,37
品质,37
竞争,37
鼓励,36
情况,36
走,36
服务,36
费用,36
发挥,35
审计,35
主轴,35
架构,35
激励,34
冰箱,34
全球,34
九年,34
应对,34
刚性,34
关注,34
库卡,34
王诣,34
流程,34
代理商,33
营销,33
统一,33
数据,33
事项,33
形势,33
加快,33
快速,33
洗衣机,33
经济,33
全,32
消费,32
事情,31
挑战,31
精神,31
探讨,31
层面,31
拿出,30
主体,30
需求,30
影响,30
危机,30
激发,30
力,30
汇报,30
加大力度,30
部门,30
发生,29
传统,29
关键,29
软件,29
价值链,29
构建,29
研究,29
重视,29
化,29
高端,28
李佳怡,28
家用,28
最终,28
成本,28
一年,28
自动化,28
包括,28
聚焦,28
系统,28
四大,28
评估,28
MIB,27
制定,27
客户,27
设计,27
策略,27
预算,27
旧,27
钱伟,26
反思,26
学习,26
方案,26
检讨,26
男,26
执行力,26
文化,26
否定,25
到位,25
格局,25
竞争力,25
库存,25
趋势,25
中央空调,24
理念,24
旗舰店,24
业绩,24
提供,24
小电,24
原则,24
高度重视,23
压力,23
提高,23
机器人,23
微清,23
颠覆,23
现阶段,23
供应商,23
战略性,23
沟通,23
讨论,23
领域,23
盈利,22
借鉴,22
店,22
厨热,22
升级,22
规模,22
本质,22
决策,22
工厂,22
清理,22
办要,22
线,22
希望,22
体制,22
前期,22
面临,22
研究院,22
IT,22
产业,21
机遇,21
高,21
T,21
带来,21
工具,21
说,21
KUKA,21
定位,21
执委会,21
线上,21
弱势,20
达成,20
销售,20
语言,20
A405,20
说到做到,20
提前,20
五大,20
打破,20
一盘,20
专业,20
措施,20
收入,20
现状,20
上要,20
认知,20
评价,19
开放,19
找,19
职能部门,19
上线,19
前,19
专业人才,19
负责,19
专项,19
差距,19
美云销,19
路径,19
年底,19
上海,19
原因,18
利益,18
复工,18
跟上,18
事业,18
制度,18
面向,18
竞争对手,18
智能,18
进度,18
责权利,18
障碍,18
面向未来,18
现金流,18
家电,18
完善,17
世界,17
系统性,17
商业模式,17
想,17
消费者,17
货,17
比例,17
会上,17
三个,17
协助,17
拓展,17
TLSC,17
下沉,17
审批,17
激励机制,17
三年,17
三大,16
经历,16
表现,16
应,16
关系,16
考核,16
规则,16
干,16
环节,16
式,16
选择,16
努力,16
明光,16
空间,16
方式,16
跟进,16
端,16
日常,16
减少,16
商业,16
肖,16
程度,16
勇气,16
舞弊,16
意见,16
资金,16
错失,16
人力,16
跨境,16
办公,16
支持,16
案例,15
多样性,15
并购,15
企划,15
主动,15
历史,15
果断,15
营运,15
控制,15
事件,15
责任,15
不确定性,15
独立,15
讲,15
冲击,15
规范,15
吸尘器,15
副,15
创造,15
物流,15
绩效,14
反,14
中央,14
激情,14
这是,14
决心,14
薪酬,14
克服,14
运作,14
研讨,14
放权,14
重构,14
导向,14
年度,14
变,14
优秀,14
智能家居,14
匹配,14
定期,14
统筹,14
预算编制,14
明年,14
工业,14
符合,14
前提,14
治理,14
订单,14
视野,14
速度,14
报,13
东西,13
企业家,13
往前,13
社会,13
力量,13
一级,13
寻找,13
机电,13
具备,13
研讨会,13
售后服务,13
直达,13
数字,13
外部环境,13
依然,13
参与,13
非,13
洗碗机,13
一把手,13
网点,13
找到,13
务实,13
抓好,13
论证,13
敏捷性,13
招聘,13
经验,13
生产,13
定义,13
超过,13
拉通,13
培育,13
潜在,12
美国,12
越来越,12
采用,12
扁平化,12
搞,12
保障,12
简单,12
吸取,12
作用,12
形式,12
循环,12
框架,12
台,12
东盟,12
成长,12
各行各业,12
第一,12
断臂,12
降,12
认同,12
烟机,12
孵化,12
灶具,12
抓,12
融合,12
严控,12
现象,12
复产,12
暖通,12
指标,12
壮士,12
备案,12
群,12
困难,12
站,12
型,12
水平,12
硬件,12
解决方案,12
家电行业,12
高层次,12
设立,12
可靠性,11
前端,11
安得,11
一系列,11
通报,11
杜绝,11
层层,11
一代,11
彻底解决,11
搭建,11
全世界,11
里,11
点,11
停留,11
线下,11
降低,11
引导,11
间,11
加速,11
对外,11
资产,11
教训,11
授权,11
年轻人,11
一季度,11
举措,11
前瞻性,11
体,11
内生,11
非经营性,11
三月,11
背景,11
意义,11
打造,11
成果,10
落到实处,10
分离,10
一线,10
事业部制,10
多品,10
责任制,10
双十,10
吸引,10
特别,10
保证,10
高效,10
内控,10
OBM,10
外,10
拥抱,10
家装,10
更要,10
覆盖,10
程程,10
斗志,10
形式主义,10
连接,10
所有人,10
法务,10
职帅,10
COLMO,10
分权,10
精简,10
资本,10
多元化,10
小米,10
西式,10
李忠军,10
直营,10
创新能力,10
利用,10
熊,10
此基础,10
值得,10
自有,10
淘汰,10
成立,10
一步,10
配合,10
电器,10
做出,10
更大,10
再造,10
国家,10
同步,10
想象,10
期间,10
九月,10
价格,9
价值观,9
中心化,9
B401,9
留给,9
积累,9
几年,9
很大,9
六月,9
深刻,9
角度,9
态度,9
十二月,9
二十二日,9
投资者,9
事,9
推,9
优先,9
空调,9
缺少,9
挖掘,9
交付,9
不错,9
环境,9
固有,9
抓住机会,9
专家,9
声音,9
无形,9
环保,9
看待,9
改造,9
股权,9
认真思考,9
提出,9
阶段,9
字,9
信息,9
严峻,9
传递,9
印度,9
仓,9
波动,9
扭转局面,9
较大,9
话题,9
日本,9
一点,9
打开,9
楼宇,9
展开,8
公开,8
ToB,8
更好,8
氛围,8
内外销,8
天猫,8
基地,8
经理,8
重心,8
整改,8
组合,8
认真反思,8
奖励,8
分配,8
课题,8
适度,8
市场化,8
解决问题,8
差异化,8
同事,8
京东,8
地区,8
追求,8
东芝,8
形态,8
供货,8
属性,8
一刀切,8
县城,8
独家,8
工艺,8
成功,8
园区,8
需,8
唯上,8
持续性,8
发现,8
市场竞争,8
类似,8
唯一,8
中台,8
占,8
甜头,8
人工成本,8
设置,8
既定,8
国产,8
经销商,8
成效,8
下行,8
稳定,8
四月,8
短期,8
独立性,8
B,8
拥有,8
配置,8
划分,8
理性,8
纳入,8
周期,8
关怀,8
一月,8
自行,8
细节,8
导购,8
环电,8
主义,7
考验,7
共享,7
预案,7
场景,7
产销,7
防范,7
监管,7
对接,7
清洁,7
冷静,7
全国,7
分享,7
创业,7
逻辑,7
智慧,7
亿,7
步伐,7
理清,7
合作,7
病,7
盲目,7
退货,7
小组,7
强大,7
预期,7
物料,7
协调,7
二十日,7
新旧,7
自主,7
岗位,7
启动,7
扁平,7
整合,7
苏宁,7
社招,7
分灶,7
生存,7
扭转,7
必要性,7
反馈,7
十一月,7
吃饭,7
慢,7
解放思想,7
年代,7
思想,7
本土,7
松懈,7
信息安全,7
颠覆性,7
TOP,7
时刻,7
紧迫感,7
培养,7
缺乏,7
自信,7
增加,7
二十一日,7
健康,7
回到,7
商城,7
停,7
层级,7
五月,7
董事长,7
之间,7
相逢,7
美集,7
市场需求,7
效应,7
对标,7
远,7
整体规划,7
常识性,7
运营商,7
职业,7
理解,7
透明,7
后台,7
洞察,7
局面,7
使命,7
宣贯,7
承担,7
设定,7
事物,6
福利待遇,6
调研,6
保护,6
外销,6
第三,6
角落,6
通知,6
手册,6
输出,6
之外,6
短,6
浪潮,6
家庭,6
深刻反思,6
德国,6
平衡,6
形象,6
年会,6
税务,6
危机意识,6
群要,6
政府,6
实事求是,6
备战,6
防疫,6
进展,6
产能,6
放在,6
扩展,6
实验室,6
意识,6
公共关系,6
统仓,6
阻力,6
自以为是,6
战斗力,6
市值,6
研,6
统一认识,6
薄弱,6
抢,6
领军,6
率先,6
动摇,6
灵活性,6
管理体系,6
退换货,6
转,6
到来,6
国际化,6
指引,6
最佳,6
去年,6
生态,6
结构性,6
质量,6
遗留问题,6
八年,6
采购,6
八月,6
统配,6
头部,6
区,6
采取措施,6
侥幸心理,6
一体,6
手段,6
动荡,6
无条件,6
维度,6
听取,6
开发,6
公司化,6
华为,6
大海,6
僵化,6
办法,6
率,6
仓外,6
相互,6
格力,6
跨,6
电控,6
任职,6
抢占市场,6
不见,6
处于,6
轮岗,6
主动进攻,6
时间表,6
七月,6
走远路,6
惯性,6
不到,6
超越,6
稳健,6
赢,6
精力,6
重组,6
上市,6
顶层,6
证明,6
第一位,6
引领,6
十月,6
新思维,6
倒逼,6
防护,5
探索,5
售后,5
道路,5
尝到了,5
在线,5
暴露,5
交易,5
女性,5
二月,5
编制,5
招募,5
以人为本,5
倡导,5
专家型,5
位,5
舞台,5
能源,5
只能,5
直供,5
路,5
效益,5
专卖店,5
建设性,5
习惯,5
肯定,5
一种,5
技术创新,5
不行,5
凤凰,5
自由,5
〇,5
烤,5
周五,5
反复,5
会员,5
一套,5
门店,5
新品,5
范畴,5
思路清晰,5
十年,5
人均,5
自我感觉,5
简单化,5
衰减,5
开设,5
认准,5
客观,5
强,5
先进性,5
跳出,5
权力,5
标杆,5
扎实,5
释放,5
大型,5
利润,5
展示,5
基调,5
月度,5
精益,5
流于形式,5
业态,5
好转,5
新型,5
进一步提高,5
启用,5
胡,5
舒适,5
经理人,5
大势所趋,5
校招,5
最小,5
积极主动,5
To,5
内心,5
反对,5
已有,5
主,5
战略目标,5
降到,5
理想,5
财务,5
放到,5
类,5
核心技术,5
当机立断,5
月底,5
牵引,5
游泳,5
未,5
本土化,5
成员,5
稳定性,5
三日,5
办公室,5
先行,5
红线,5
主题,5
存量,5
干部,5
根源,5
操作,5
追赶,5
活动,5
乡镇,5
电梯,5
创新型,5
可行性,5
自强,5
经验教训,5
愿景,5
王立敏,5
舆情,5
十九日,5
实践,5
半年度,5
十字路口,5
安,5
任用,5
四个,5
身份,5
家用空调,5
组建,5
不好,5
传播方式,5
官僚主义,5
崛起,5
效果,5
想法,5
近期,5
媒体,5
公示,5
未知,5
懂,5
KA,5
竞品,5
成熟,5
节奏,5
剧烈,5
取决于,5
1000,5
危机感,5
改变现状,5
后续,5
烤箱,5
电子,5
斗争,5
拼,5
战术,5
代表,5
充分发挥,5
区分,5
束缚,5
痛点,5
勇于,5
建议,5
结算,5
增量,5
出发,5
小熊,5
微蒸,5
恢复,5
把握,5
实行,5
任命,5
分拆,4
优胜劣汰,4
产品品质,4
材料,4
前所未有,4
一条,4
控,4
事务,4
起到,4
宏大,4
前装店,4
D,4
前台,4
主动出击,4
二十八年,4
风控,4
工人,4
权限,4
合作伙伴,4
二十四日,4
面前,4
放开,4
激烈,4
进攻性,4
工程,4
乐观,4
着手,4
回报,4
薪资,4
文化氛围,4
标准化,4
跟不上,4
补贴,4
启发,4
坚守,4
一次性,4
上半年,4
制高点,4
漫长,4
国内外,4
边界,4
战胜,4
再犯,4
心智,4
双循环,4
宠物,4
魄力,4
几个,4
抛弃,4
网批,4
对内,4
产品开发,4
青蛙,4
增长点,4
争分夺秒,4
中间环节,4
短期内,4
向前,4
维护,4
二十五日,4
财富,4
张小懿,4
煮,4
新思路,4
举报,4
正,4
商品,4
识别,4
修订,4
资源配置,4
代理,4
瞻前顾后,4
明确责任,4
多元,4
美居,4
涉及,4
作,4
空白,4
中长期,4
发布,4
势,4
涅槃,4
华凌,4
远航,4
部长,4
厂家,4
法律,4
AWE,4
重要性,4
可控,4
直发,4
彻底改变,4
无数次,4
承认,4
扩张,4
合理性,4
632,4
给予,4
梁,4
厨房,4
下降,4
005,4
包容性,4
对抗,4
开放性,4
畅想,4
持平,4
意大利,4
直面,4
调,4
违规行为,4
一家,4
被动局面,4
牌,4
眼中,4
开,4
实施,4
送装,4
家中,4
负债表,4
高层,4
扭亏,4
前沿技术,4
两年,4
经营性,4
六日,4
产品组合,4
促销,4
详细,4
后要,4
周二,4
区隔,4
以下几点,4
十二日,4
科技进步,4
依赖,4
踏实,4
R,4
生存空间,4
消品,4
母婴,4
答案,4
深化,4
用人,4
供应,4
包容,4
人生,4
目的,4
交互,4
引进,4
判断,4
年轻化,4
尊重,4
共识,4
风格,4
端要,4
下线,4
股东,4
温水,4
商务中心,4
支出,4
赛道,4
无数,4
单元,4
响应,4
潜力,4
分工,4
十三日,4
布谷,4
电机,4
变局,4
等待,4
当断不断,4
复盘,4
适合,4
2012,4
波,4
参会,4
鹏飞,4
蛋糕,4
亏损,4
事后,4
监控,4
纪律,4
机,4
附件,4
背后,4
净网,4
节能,4
海里,4
开放式,4
300,4
发展趋势,4
从根本上,4
贡献,4
推行,4
年前,4
十日,4
书写,4
市场份额,4
节点,4
基本功,4
厨热要,4
适者生存,4
逢山开路,4
股票,4
胜利,4
新一轮,4
降本,4
走访,4
收购,4
分阶段,4
修正,4
远远不够,4
数据分析,4
高质量,4
二十七日,4
运行,4
损失,4
指导,4
云,4
阻碍,4
顺德,4
被动,4
切忌,4
使命感,4
倾斜,4
行,4
定力,4
通道,4
修剪,4
问,4
复制,4
分解,4
发挥作用,4
要素,4
大幅,4
口头上,4
要用,4
便利性,4
较劲,3
价格战,3
强制性,3
本次,3
因素,3
最新,3
压货,3
二十九日,3
后期,3
一批,3
ToC,3
MBS,3
方方面面,3
绝不能,3
职序,3
固守,3
杠杆,3
端的,3
承担责任,3
难以,3
同价,3
风险管理,3
遵守,3
设想,3
沿用,3
感谢,3
风,3
外聘,3
文明,3
显现,3
结构调整,3
风扇,3
应收,3
切换,3
月份,3
秘书处,3
战略意义,3
时期,3
汇报会,3
消化,3
矩阵,3
取势,3
绩效考核,3
必然趋势,3
全线,3
深入探讨,3
健全,3
获取,3
此时此刻,3
搭桥,3
五年,3
快消,3
纲举目张,3
独木舟,3
委员会,3
往前走,3
地位,3
大中台,3
互联,3
主营,3
权益,3
监督,3
出口,3
美智,3
型号,3
说了算,3
听,3
去年同期,3
制,3
因地制宜,3
周三,3
摸索,3
丛林,3
汽车,3
改进,3
终将,3
提到,3
专题会议,3
动作,3
常抓不懈,3
差,3
配送,3
小团体,3
考评,3
部署,3
C,3
要点,3
强制,3
逐个,3
法则,3
市场推广,3
充分利用,3
工序,3
Colmo,3
极致,3
带动,3
脱颖而出,3
日前,3
北京,3
太,3
重,3
苦难,3
放弃,3
胸怀,3
触点,3
面向用户,3
千载难逢,3
专注,3
果敢,3
领导力,3
细胞,3
王金亮,3
命,3
闭门造车,3
下半年,3
公关,3
补课,3
近几年,3
小时,3
开拓,3
二十三日,3
不缺,3
心理健康,3
阿里,3
安于现状,3
底价,3
基建,3
现金,3
两难,3
局限,3
调剂,3
提,3
留在,3
制造业,3
毕业生,3
业务流程,3
主导,3
裁员,3
光电,3
以往,3
税收,3
交流,3
出差,3
细化,3
支离破碎,3
009,3
光说不做,3
积分,3
人类,3
不断创新,3
暂停,3
舒服,3
子公司,3
立意,3
活在,3
管理者,3
改革,3
大小,3
第三方,3
严肃处理,3
数据安全,3
坐等,3
套系化,3
体会,3
拉开,3
分中心,3
慢慢,3
风口,3
三十日,3
武汉,3
表面,3
源头,3
法治,3
机构,3
变得,3
财经纪律,3
闭环,3
流量,3
水手,3
人工智能,3
压制,3
三亚,3
为例,3
接受,3
充分准备,3
公平,3
有形,3
底线,3
确认,3
信心,3
一滴水,3
多元性,3
新兴,3
迭代,3
摒弃,3
小电要,3
遇水,3
044,3
产品线,3
头破血流,3
性,3
清醒,3
只会,3
回答,3
地去,3
界定,3
尝到,3
之下,3
收费,3
合并,3
领导,3
006,3
跟随,3
优品,3
一隅,3
巨变,3
接触,3
电饭煲,3
通用,3
顺应时代,3
差异,3
推诿,3
参考,3
全球化,3
含义,3
不同于,3
地方,3
回,3
冰洗,3
基层,3
一是,3
宣传,3
分布式,3
规避,3
换位,3
岁末年初,3
转移,3
停滞,3
学员,3
福利,3
KPI,3
我行,3
地球,3
分布,3
要带头,3
仓配,3
任何人,3
职责,3
患得患失,3
职级,3
补齐,3
暴露出,3
导师,3
借助,3
看不到,3
无论是,3
心态,3
紧缺,3
电池,3
长痛,3
培训,3
严抓,3
性能,3
后知后觉,3
050,3
回顾,3
战术性,3
检验,3
投,3
犹豫,3
流动,3
财务报表,3
飞速发展,3
说话,3
真实,3
同比,3
创新性,3
中东,3
带领,3
未能,3
伤筋动骨,3
消防,3
下决心,3
降薪,3
欧洲,3
项目组,3
博士,3
根本性,3
降本增效,3
先,3
试点,3
延伸,3
创造力,3
越南,3
短痛,3
一夜之间,3
转向,3
砍掉,3
工程师,3
一言堂,3
听不进,3
主旋律,3
清单,3
HR,3
小天鹅,3
单列,3
财务总监,3
统一经营,3
008,3
走向,3
典型,3
请,3
微清要,3
原有,3
历程,3
脚步,3
原,3
洞察力,3
贴近,3
电磁炉,3
领军人物,3
积极探索,3
战略规划,3
挑战性,3
主动性,3
试错,3
开发人员,3
自下而上,3
耐心,3
演练,3
紧紧抓住,3
曝光,3
各类,3
独特性,3
韧性,3
半年,3
手上,3
金额,3
二是,3
最坏,3
002,3
战线,3
落后,3
综合,3
城市,3
摆脱,3
局势,3
雷厉风行,3
总,3
定价,3
新生代,3
重复,3
收益,3
放宽,3
打款,3
少,3
低效,3
全屋,3
特此通知,3
基本面,3
跨界,3
土地,3
数量,3
寻求,3
技巧,3
科技型,3
营销中心,3
较慢,3
至上,3
中要,3
延展,3
长远,3
表彰,2
车间,2
生产方式,2
质量奖,2
李泽宇,2
不断完善,2
生死存亡,2
增值,2
契机,2
延展性,2
013,2
微波炉,2
抓手,2
入仓,2
会审,2
涵义,2
伊朗,2
接地,2
从上到下,2
资金流,2
一体化,2
厨电,2
杨,2
冲劲,2
大力发展,2
学会,2
再接再厉,2
专业化,2
侵蚀,2
十四日,2
迷失,2
二十六日,2
层出不穷,2
设备,2
衰落,2
电网,2
摸着石头过河,2
奋斗,2
双线,2
潮流,2
感知,2
三季度,2
因小失大,2
主观,2
热情,2
PPT,2
欲望,2
包装,2
做一套,2
愈发,2
看齐,2
卓有成效,2
现如今,2
压缩机,2
两张皮,2
兑现,2
年终,2
所有者,2
网络,2
均价,2
用品,2
生命力,2
兴起,2
调整布局,2
10%,2
艰辛,2
高举高打,2
走弯路,2
各自为政,2
覆辙,2
涡旋,2
增强,2
气质,2
筹划,2
资料,2
百年,2
明明,2
入司,2
AI,2
细分,2
对象,2
河南,2
连续,2
025,2
见证,2
归纳,2
热线,2
开发者,2
当前工作,2
端到,2
客观事实,2
技术人员,2
空净,2
GL,2
运动员,2
面积,2
老同志,2
抱怨,2
优化结构,2
混沌,2
边缘,2
老年人,2
之家,2
展会,2
尽力,2
进化,2
基因,2
周四,2
具体措施,2
交流学习,2
招标,2
家,2
纠错,2
宽带,2
停止,2
周边产品,2
一到,2
彼岸,2
管理系统,2
新气象,2
抗争,2
不犯,2
设限,2
日新月异,2
主权,2
捷径,2
找回,2
住,2
追平,2
激活,2
更是,2
五项,2
019,2
便捷,2
充满信心,2
革,2
无正文,2
受,2
上周,2
甘于,2
根本原因,2
英国,2
刀刃,2
错过,2
整体利益,2
诚恳,2
货等,2
会后,2
化整为零,2
感受,2
既有,2
撤销,2
敢干,2
汲取,2
敌不过,2
认可,2
明道,2
离职,2
IOT,2
滘,2
想要,2
012,2
远超,2
终会,2
矛盾,2
无记名,2
未有,2
独特,2
市,2
三点,2
窗口,2
研究成果,2
快刀斩乱麻,2
产研销,2
与众不同,2
在世界上,2
知识产权,2
稳扎稳打,2
巨头,2
关键问题,2
求生存,2
VI,2
状态,2
大阪,2
042,2
均衡,2
手机,2
很快,2
责任人,2
画地为牢,2
首歌,2
每月,2
60%,2
总结会,2
各个环节,2
红星,2
费,2
展厅,2
法宝,2
2011,2
美国市场,2
失败,2
瞬息万变,2
增速,2
海面,2
日化,2
大刀阔斧,2
营造,2
解决目前,2
血肉之躯,2
ABC,2
充满活力,2
路易,2
社交,2
提交,2
功能,2
无人区,2
高速,2
十一日,2
越,2
APP,2
海尔,2
取代,2
带头人,2
重蹈,2
管理模式,2
申请,2
关键在于,2
负责制,2
胜在己,2
做错,2
四日,2
敢想敢干,2
创造性,2
拉,2
EHS,2
付出,2
扎扎实实,2
人才队伍,2
第四,2
财报,2
银河系,2
抵抗,2
资格,2
孤岛,2
芯片,2
地域,2
上下游,2
空谈,2
陷入,2
市场秩序,2
扼杀,2
导致,2
突破性,2
卖场,2
配备,2
护理,2
八日,2
确立,2
气,2
国外,2
人性化,2
022,2
主动权,2
代工,2
管理体制,2
美凯龙,2
工作作风,2
跨国公司,2
约,2
下滑,2
一省,2
回避,2
低迷,2
样子,2
王建国,2
梦想,2
分支机构,2
始终,2
011,2
媒体报道,2
可逆,2
SI,2
40%,2
016,2
日以继夜,2
老一套,2
季度,2
落,2
贯穿,2
困境,2
化等,2
原材料,2
社区,2
汇率,2
工业化,2
心理,2
自大,2
提倡,2
015,2
提及,2
数智,2
调薪,2
占据,2
瓶颈,2
熊彼特,2
人为,2
产出,2
发现自己,2
行之有效,2
035,2
同期,2
店铺,2
掉以轻心,2
昨天,2
实干精神,2
007,2
评审,2
固化,2
做起,2
理顺,2
微波,2
层次,2
脆弱,2
原地,2
模块,2
来之不易,2
焦点,2
第一波,2
自主性,2
既要,2
深层次,2
漏洞,2
太阳系,2
加,2
隐形,2
反腐,2
扫地,2
定性,2
壁垒,2
037,2
无限,2
过后,2
路上,2
真话,2
严禁,2
诸多,2
违规,2
常态,2
迁出,2
分管,2
本性难移,2
安全措施,2
五日,2
齐头并进,2
家多品,2
占领,2
几十年,2
明确规定,2
测试,2
十八日,2
家电企业,2
禁止,2
之内,2
消除,2
004,2
候选人,2
坚强,2
畏难情绪,2
花,2
明后,2
审核,2
交货,2
海南,2
宿舍,2
维修,2
个人简介,2
一部分,2
湖北,2
抱,2
地缘,2
大会,2
低,2
事件处理,2
巨大变化,2
做过,2
群三大,2
袖子,2
习以为常,2
物种,2
大潮,2
亿美金,2
美云,2
动物,2
赋予,2
架构设计,2
日至,2
去除,2
随意,2
腐败,2
电,2
学历,2
筹备工作,2
平庸,2
注册,2
看不清楚,2
平凡,2
拼搏,2
敢于创新,2
视角,2
额度,2
看得见,2
心目,2
本位,2
硅谷,2
市场营销,2
特殊性,2
封闭,2
尚未,2
逆向,2
001,2
升,2
040,2
二线,2
手软,2
基础设施,2
投诉,2
之际,2
取消,2
后顾之忧,2
广交会,2
确保全,2
高管,2
出路,2
口罩,2
拖拉,2
一揽子,2
系统化,2
群体,2
事宜,2
业务人员,2
防线,2
专业人士,2
处,2
优异,2
是因为,2
转折点,2
灵魂,2
兼容,2
告诉,2
怀柔,2
外汇,2
转换,2
彻查,2
多余,2
停滞不前,2
026,2
之分,2
推倒重来,2
029,2
转化,2
焦虑,2
下定决心,2
条码,2
负面,2
心里有底,2
收,2
失真,2
检查,2
一台,2
缓慢,2
高科技,2
少说多做,2
专人,2
大于,2
051,2
本科,2
期货,2
困局,2
零部件,2
严查,2
传承,2
中西部,2
有效性,2
冲动,2
步调,2
董事会,2
水位,2
合同,2
高高在上,2
聚,2
实时,2
成,2
对手,2
好大喜功,2
扣分,2
将会,2
推到,2
干涉,2
年初,2
纸上谈兵,2
购买,2
下放,2
034,2
调查,2
联动,2
非正式,2
踏踏实实,2
打击,2
假设,2
周转,2
315,2
一经,2
次,2
协作,2
微信,2
Eureka,2
合作项目,2
减弱,2
自制,2
闯劲,2
科学家,2
学院,2
干什么,2
降低成本,2
官方,2
复合型,2
032,2
实质性,2
A201,2
偏居,2
九日,2
扩充,2
进攻,2
选拔,2
护城河,2
恶化,2
构筑,2
三道,2
敏感,2
胆识,2
中国区,2
放在首位,2
运费,2
走出,2
相聚,2
根基,2
卖方市场,2
加班加点,2
准则,2
颜色,2
包,2
碎片,2
轨道,2
谈判,2
阅读,2
下单,2
惰性,2
紧,2
发扬,2
返回,2
低于,2
用线,2
仿真,2
小林,2
太远,2
预算内,2
多家,2
斯图加特,2
049,2
贸易战,2
惧怕,2
职群,2
新高,2
指甲,2
筹备,2
标黄,2
一周,2
优势互补,2
市场规律,2
闯,2
本性,2
038,2
沉浸,2
日变,2
高度一致,2
推广,2
追回,2
建材市场,2
为辅,2
危局,2
增设,2
配套,2
不容乐观,2
厚积薄发,2
严惩,2
足够,2
储备,2
开支,2
大变局,2
奔跑,2
不留,2
精细化,2
心,2
横向,2
经理制,2
飞速,2
其本质,2
多个,2
实习生,2
意志,2
同行,2
进驻,2
017,2
笑话,2
补,2
入口,2
三者,2
好好,2
琼林,2
表达,2
局限于,2
西部,2
观望,2
重点项目,2
黑,2
珍惜,2
个体,2
形势逼人,2
评定,2
承认错误,2
总办,2
黑天鹅,2
基础性,2
惧,2
革命,2
卖,2
原则上,2
按部就班,2
基石,2
不可同日而语,2
跨部门,2
妄自菲薄,2
脱胎换骨,2
各项,2
每周,2
巴西,2
一票否决制,2
米兰,2
内外部,2
排名,2
分化,2
一日,2
江山,2
就职,2
牺牲,2
预算外,2
消费品,2
擦边球,2
融入,2
事实,2
结束,2
美信,2
一个月,2
处罚,2
发声,2
一群,2
深度,2
眼前,2
下功夫,2
余地,2
看准,2
从下到上,2
突破点,2
管理机制,2
彩电,2
诞生,2
合资,2
做法,2
在座,2
偏远地区,2
境界,2
部品,2
苗头,2
结论,2
限制性,2
严格把关,2
理由,2
扭亏为盈,2
安装,2
全新,2
积极性,2
经受,2
树立,2
014,2
作风,2
测评,2
借口,2
配,2
红区,2
免疫力,2
扰乱,2
往来,2
盘点,2
三种,2
能动性,2
开辟,2
步骤,2
泥潭,2
平等,2
缺,2
分销,2
周边,2
计划,2
反驳,2
下发,2
熟悉,2
幸运,2
两三年,2
动,2
倒推,2
互联互通,2
成本增加,2
万人,2
仓储,2
商超,2
俄罗斯,2
英雄,2
算法,2
依旧,2
精准,2
实际行动,2
隐患,2
西班牙,1
技术储备,1
期内,1
发文,1
科层化,1
发育,1
地图分析,1
走老路,1
专有,1
十五日,1
富有,1
后浪,1
联合,1
感觉,1
火烧眉毛,1
要往,1
格力电器,1
推向市场,1
要少,1
管理费用,1
朴素,1
人才培养,1
高标准,1
开刀,1
日常化,1
前往,1
30%,1
近年,1
sponsor,1
呆滞,1
派人参加,1
反向,1
历史沿革,1
火锅,1
领先者,1
电视广告,1
挖洞,1
运行机制,1
无怠,1
听之任之,1
通俗,1
投产,1
远近,1
耐候,1
仍停留,1
内购,1
常委,1
净化器,1
区域化,1
保持警惕,1
蔚来,1
知易行难,1
英明,1
清查,1
竞争能力,1
拍马,1
抢占,1
李丹,1
和竞业,1
敲警钟,1
厨具,1
乱价,1
购买过程,1
复制到,1
侵害,1
胜势,1
复杂度,1
世纪,1
海外投资,1
外资,1
第二种,1
讲话,1
实际上,1
确定性,1
具体方法,1
真功夫,1
归根,1
从紧,1
获胜,1
中来,1
得时,1
恶劣,1
搞平衡,1
会场,1
殉葬品,1
脱产,1
威灵,1
小圈子,1
AUX,1
广积粮,1
听见,1
鲇鱼,1
公司法人,1
渗透,1
交往,1
参与度,1
子项目,1
产物,1
片面,1
由不得,1
分层,1
并于,1
减小,1
江鹏,1
来临,1
上班,1
菱王,1
抗击,1
提名奖,1
快运,1
先抓,1
崭露头角,1
图片,1
编码,1
基层人员,1
阶段性,1
拖延,1
生产率,1
干线,1
不愿,1
三板斧,1
店要,1
评选,1
深厚,1
咨询,1
058,1
二日,1
特有,1
经营责任制,1
拉网式,1
品格,1
好菜,1
主席台,1
拾遗补缺,1
锦上添花,1
化繁为简,1
出自,1
答卷,1
15.2,1
商务,1
定量,1
保障性,1
群里,1
大染缸,1
传统产业,1
互动,1
较强,1
引得,1
齐全,1
钢用,1
厚度,1
新鲜血液,1
最前沿,1
制度性,1
严峻形势,1
终端产品,1
市场部,1
疏导,1
爬,1
副总裁,1
永远,1
自发,1
工作汇报,1
写道,1
根本变化,1
操作技能,1
越要,1
旺盛,1
核酸,1
较差,1
吉林,1
以我为主,1
捆绑,1
选,1
抓住机遇,1
大件,1
一律,1
信息系统,1
法律援助,1
当期,1
从小到大,1
找出,1
周期性,1
大规模,1
疲态,1
突发,1
说法,1
侵权,1
AEG,1
要交,1
县域,1
再过,1
阳奉阴违,1
延续,1
亿元,1
站上,1
不复存在,1
适配,1
政治,1
方显,1
难度,1
等同于,1
最难,1
事先,1
第一轮,1
期待,1
参差不齐,1
芜湖,1
条条框框,1
说用,1
加紧,1
出向,1
内部单位,1
做少,1
简,1
细致,1
节省,1
一般性,1
70%,1
一大,1
闯敢,1
待遇,1
输送,1
滚滚向前,1
怨天尤人,1
卓越,1
权责,1
雷达,1
警告,1
010,1
博弈,1
中厂,1
布置,1
延期,1
意味着,1
当今,1
势在必得,1
大树,1
按键,1
惨淡,1
预判,1
操守,1
以身作则,1
不甘,1
物,1
老中青,1
一步步,1
智者见智,1
品尝,1
下大力气,1
智联,1
浪费时间,1
质变,1
第一批,1
难点,1
官僚作风,1
使用率,1
求生,1
纠偏,1
经营者,1
特战,1
维修服务,1
县市,1
运营者,1
优术,1
感差,1
纵深,1
商讨,1
追责,1
设点,1
流媒体,1
举个,1
要拉通,1
经营规模,1
man,1
补短,1
建设项目,1
分钟,1
永恒,1
参照,1
姑息,1
自然,1
有过,1
要持,1
兼容问题,1
暖,1
报告,1
成就,1
争,1
不减,1
拼劲,1
辜负,1
表面现象,1
从点,1
渠道商,1
经得起,1
路口,1
国庆,1
新视野,1
征求,1
专线,1
承受,1
机械,1
下坡路,1
角色,1
经济损失,1
漩涡,1
归咎于,1
游离,1
兼并,1
持股,1
场馆,1
稳健作风,1
事中,1
率及,1
下移,1
犹如,1
生态建设,1
而知,1
衔接,1
斗,1
大面积,1
临时,1
构想,1
裁判员,1
开拓进取,1
勤奋,1
访谈,1
冲突,1
子,1
新面貌,1
两种,1
乘风破浪,1
北,1
认知度,1
特定,1
挂钩,1
物理,1
排产要,1
显示,1
自我检讨,1
冻结,1
打硬仗,1
秘书,1
要严,1
前要,1
不断加强,1
旧人,1
赞扬声,1
二季度,1
拖入,1
环电要,1
增幅,1
务必,1
垄断,1
希克斯,1
呈现,1
制及,1
迹象,1
好话,1
平分秋色,1
头条,1
当务之急,1
不值一提,1
赠品,1
软,1
拔地而起,1
紧密结合,1
墙,1
中报,1
降低库存,1
衍生,1
生长,1
里程碑,1
旗号,1
抗拒性,1
遗存,1
事实证明,1
现任,1
预售,1
行权,1
传统模式,1
财务收支,1
一有,1
充足,1
干成,1
力强,1
道不明,1
293,1
地税局,1
起点,1
展,1
四平八稳,1
办及,1
取胜,1
稳步,1
地板,1
店面,1
慌,1
瓦解,1
建制,1
主航道,1
二战,1
同当,1
书中,1
曾多次,1
二级,1
比重,1
弱,1
不多见,1
份,1
造血,1
2010,1
超常规,1
家居,1
近亲繁殖,1
工艺技术,1
大山,1
针对性,1
干衣机,1
电动车,1
赋能,1
好事,1
研发部门,1
毁于蚁穴,1
地理,1
幸福,1
流失,1
关乎,1
因循守旧,1
大奖,1
回来,1
新宝,1
畏手,1
流转,1
从现在起,1
干个,1
归纳如下,1
第一个,1
偏离,1
车轮,1
首次,1
刻不容缓,1
V200,1
联通,1
座谈,1
积极争取,1
深受鼓舞,1
保有量,1
生态系统,1
自动,1
1933,1
沿革,1
铁三角,1
年限,1
难,1
中英文,1
抗疫,1
内且,1
太慢,1
前行,1
费率,1
迷雾,1
两条线,1
显而易见,1
功夫,1
纠缠,1
陈述,1
Meet,1
本周,1
专题,1
王新亮,1
品牌形象,1
生产力,1
拉通线,1
中期,1
停车位,1
科创,1
责任感,1
新增,1
玩具,1
淘宝,1
优先级,1
没风时,1
设施,1
阵痛,1
成绩,1
开阔视野,1
用工,1
解放,1
水,1
莫过于,1
创始人,1
尚,1
023,1
公寓,1
历任,1
并存,1
下属,1
患上,1
夸夸其谈,1
全方位,1
忧患意识,1
环保部门,1
模具,1
一百年,1
节能降耗,1
走低,1
宽,1
分走,1
促使,1
1992,1
落入,1
套路,1
复市,1
手起刀落,1
员工福利,1
阿里巴巴,1
主导力量,1
清除,1
四季度,1
当月,1
一块,1
血液,1
认同感,1
偏差,1
模仿,1
海运,1
开会,1
问责,1
在表面上,1
多维度,1
上级,1
第二轮,1
削减,1
放眼,1
商所,1
大案,1
签名,1
股份,1
致远,1
岗,1
敢为人先,1
推选,1
031,1
耐用性,1
短视,1
可守,1
南区,1
行动计划,1
畅销,1
冰山一角,1
衡量,1
拉长,1
恢复正常,1
破独要,1
不断涌现,1
财务指标,1
水准,1
查,1
破茧,1
区位,1
好头,1
务虚,1
开透,1
这场,1
住宅区,1
喘气,1
钻研,1
拍,1
犯错,1
个人所得税,1
便利,1
克服困难,1
030,1
第二次,1
知识型,1
有好有坏,1
大锅饭,1
掉下来,1
派驻,1
推责,1
农业大学,1
实在,1
手工,1
劣势,1
征集,1
一楼,1
技巧性,1
扶持,1
受限于,1
紧急,1
返岗,1
外籍,1
行业动态,1
公开场合,1
引用,1
取其精华,1
特殊政策,1
分一杯羹,1
生生不息,1
千面,1
发言,1
住房问题,1
应届,1
该投,1
好于,1
备件,1
江水,1
场地,1
北美,1
周六,1
通讯,1
柜,1
迷信,1
杭州,1
一张白纸,1
P3,1
展现,1
精干,1
内涵,1
通吃,1
放手,1
如以,1
严峻性,1
身上,1
责权,1
更高,1
荆州,1
秋冬,1
零担,1
办公用品,1
茨威格,1
飘飘然,1
量化,1
物资,1
前中,1
同一时间,1
进,1
底层,1
再见,1
推翻,1
犯错误,1
无缘无故,1
销售价格,1
华山,1
PL,1
契约,1
唯唯诺诺,1
疫前,1
话,1
春,1
提拔,1
小修,1
仅用,1
自古,1
争夺,1
分水岭,1
迟迟,1
执法,1
脚踏实地,1
合厅,1
精简人员,1
疑问,1
良性,1
帆船,1
马太效应,1
048,1
集权,1
终端用户,1
优良,1
上坡路,1
放心,1
并举,1
外派,1
赶早,1
不去,1
向外,1
整顿,1
萧条,1
对策,1
新世界,1
076,1
公正,1
新品种,1
洪流,1
货币政策,1
受理,1
一针见血,1
抖音,1
高频,1
迫在眉睫,1
反复强调,1
件,1
系统管理,1
等于,1
投在,1
专卖,1
更新,1
进货,1
有利于,1
分散性,1
传输,1
下同,1
往下走,1
一寨,1
优质,1
佐料,1
过关,1
多头并进,1
实质,1
稳定增长,1
大势,1
反弹,1
解禁,1
不清,1
音箱,1
办已,1
款,1
乘着,1
警示,1
案件,1
拷问,1
第一期,1
力上,1
品牌价值,1
003,1
台上,1
感触,1
云化,1
碰高过,1
三是,1
修行在个人,1
井喷式,1
RDM,1
管路,1
届,1
狼性,1
苏泊尔,1
仪式,1
多项,1
规章制度,1
敏感性,1
两到,1
紧密,1
企图心,1
会前,1
戈壁,1
团建,1
后会有期,1
宁缺毋滥,1
低调,1
产业布局,1
山头,1
租借,1
戴,1
充分体现,1
潜质,1
报表,1
本钱,1
抓准,1
消防演习,1
严格遵守,1
物业管理,1
逢迎,1
4000,1
提效,1
经济周期,1
止步,1
持久,1
一成不变,1
吸收,1
成功经验,1
在技术上,1
习近平,1
新能源,1
传播速度,1
可胜,1
思索,1
075,1
返聘,1
寻源,1
浙江,1
三亚会议,1
相比,1
无动于衷,1
远些,1
优惠,1
货及,1
行政,1
亚文化,1
死灰复燃,1
做大,1
充分考虑,1
回款,1
风险投资,1
日常支出,1
052,1
品,1
生产总值,1
开店,1
抢夺,1
并重,1
熟视无睹,1
起码,1
跳不出,1
承诺,1
降幅,1
一点一滴,1
表率作用,1
干预,1
突如其来,1
往上走,1
短板,1
无缝,1
单位预算,1
最起码,1
公安系统,1
13825566500,1
舒适性,1
客观性,1
今日,1
投身,1
涨跌,1
开拓精神,1
小批量,1
大浪,1
各个单位,1
眼皮底下,1
勇于创新,1
退,1
分账,1
支付,1
力争,1
样板,1
安稳,1
空降,1
祝贺,1
连锁,1
十六日,1
那颗,1
收官,1
讲过,1
已久,1
铜,1
窘态,1
表面文章,1
IPO,1
角,1
初始,1
跟踪,1
急于,1
必定会,1
游,1
违法违纪,1
科目,1
轻重缓急,1
共存,1
滚动,1
桨,1
平面媒体,1
跨国,1
朝气,1
进程,1
产业链,1
对美智,1
规律,1
挽回损失,1
离开,1
深挖,1
逆市,1
宇宙,1
控制系统,1
演变,1
ID,1
关起门来,1
朋友,1
归口,1
问问,1
犹豫不决,1
听从,1
乱收费,1
交出,1
创业精神,1
掀起,1
事前,1
减薪,1
众多,1
特斯拉,1
依法,1
跬步,1
投票表决,1
汹涌,1
追回来,1
重新制定,1
通胀,1
晚集,1
多地,1
行稳,1
勇于探索,1
拍打,1
从下,1
几点,1
江湖,1
启航,1
道,1
银行,1
练,1
潮头,1
品牌战略,1
面齐动,1
行政部门,1
沉重,1
负增长,1
一骑,1
分为,1
素材,1
拐点,1
事在人为,1
呈现出,1
XM,1
感情,1
脆弱性,1
拥堵,1
特色,1
维尔,1
第二层,1
特此,1
勇敢,1
无尽,1
迈入,1
内多,1
手腕,1
班次,1
地理位置,1
既定目标,1
蓝领,1
广东省委,1
浮于,1
OEM,1
挤占,1
评优,1
涉足,1
电费,1
055,1
拔高,1
各个部门,1
厂商,1
抱佛脚,1
先进,1
千人,1
状况,1
暂时,1
之战,1
不换,1
难以解决,1
威斯汀,1
回首,1
2017,1
方法论,1
出入口,1
距离,1
艰苦奋斗,1
再次出现,1
出处,1
档次,1
亚太,1
威尔,1
为机,1
划桨,1
有条不紊,1
迅猛,1
办案,1
家人,1
大电,1
镇,1
一分钱,1
产业结构,1
发展部,1
行业龙头,1
两条腿走,1
青春,1
运输,1
排产,1
难题,1
同理,1
套购,1
信号,1
投机,1
保证数据,1
多年,1
精彩,1
进取心,1
99.9%,1
One,1
严格控制,1
密集,1
到产,1
两层,1
容忍,1
开源节流,1
把关,1
触及,1
逆,1
深冷,1
转线,1
按周,1
回望,1
法国,1
内外勾结,1
0.5,1
建立联系,1
再次发生,1
引领者,1
不拘一格,1
集约,1
菜鸟,1
现,1
得过且过,1
能比,1
浆,1
暂不设,1
坚毅,1
物资供应,1
干股,1
下旬,1
破局,1
四家,1
万台,1
履约,1
与时俱进,1
问号,1
中间商,1
十七日,1
退换,1
新招,1
干到底,1
150,1
舆论,1
丢掉,1
所属,1
现代感,1
过硬,1
追随,1
VRF,1
单打独斗,1
大早,1
质疑,1
顺应,1
快马加鞭,1
高级,1
应变能力,1
心无旁骛,1
转变成,1
早已,1
外发,1
市面上,1
怀着,1
尚可,1
多一倍,1
母公司,1
率高,1
新格局,1
探索者,1
业务部门,1
揭露,1
序号,1
早变,1
情感,1
搬至,1
更快,1
从以,1
年度预算,1
遵照执行,1
侵占,1
全局,1
性质,1
自查,1
淋漓尽致,1
翻译成,1
全日制,1
多方面,1
提醒,1
省份,1
风雨,1
顾炎民,1
愈加,1
爆款,1
界面,1
告别,1
产品升级,1
多大,1
外观,1
抢先一步,1
主见,1
非黑,1
认清形势,1
出国,1
敌,1
听到,1
狭隘,1
中途,1
三到,1
最大化,1
虚拟,1
方针,1
每一分,1
推卸责任,1
频率,1
摆脱困境,1
敷衍,1
后发优势,1
严峻考验,1
可控性,1
义无反顾,1
无加分,1
0.2,1
028,1
总书记,1
批评,1
佛系,1
轻装上阵,1
色差,1
输入,1
守住,1
退出,1
期权,1
外出,1
申报,1
守,1
遇到困难,1
空气,1
QQ,1
同一个,1
切断,1
感到,1
掏,1
HE,1
上游,1
组织关系,1
动手,1
人道主义,1
涨幅,1
打算,1
做生意,1
纲领,1
033,1
白日梦,1
保护意识,1
再用,1
虚假,1
台下,1
迎头赶上,1
造物,1
扶弱,1
派,1
形状,1
塑造,1
群众演员,1
集体,1
叙事,1
荣誉,1
俨然,1
扯皮,1
特约服务,1
柔性,1
传统媒体,1
敢作敢为,1
佛利,1
算,1
海外经营,1
姓名,1
废止,1
占上风,1
一拖再拖,1
急功近利,1
切入,1
重任,1
有助于,1
HOLACON,1
锁定,1
现场,1
替换,1
队伍,1
优先选择,1
人员配备,1
前不久,1
回复,1
眼光,1
降费,1
资源共享,1
末位,1
剩下,1
召集,1
力挽狂澜,1
陪葬品,1
辛苦,1
带入,1
外移,1
一首,1
表率,1
坚决贯彻,1
从严处理,1
奖项,1
钟铮,1
试点单位,1
人格,1
回应,1
从全,1
寿命,1
群星,1
否决,1
英国女王,1
特区,1
直连,1
半步,1
温度,1
更稳,1
毫不犹豫,1
改变传统,1
一站式,1
敏捷,1
人数,1
及销,1
脉搏,1
平均主义,1
回顾过去,1
咖啡机,1
所属单位,1
半要,1
行船,1
50%,1
丧失,1
电动,1
唱,1
涌现出,1
频次,1
怀柔政策,1
铺开,1
最优,1
规范性,1
控编,1
人员编制,1
混乱,1
这块,1
期望,1
凝聚,1
炒不出,1
窥,1
炫耀,1
1929,1
主力,1
办对,1
影子,1
优秀人才,1
审查,1
年轻,1
公共场所,1
前景,1
零售商,1
柜机,1
振臂一呼,1
产品型号,1
融资,1
资质,1
无限量,1
严格执行,1
畅所欲言,1
交集,1
043,1
现对,1
2008,1
不可避免,1
财,1
打败,1
提早,1
歌,1
任人唯亲,1
集采,1
怀疑,1
配得,1
毕业,1
运动队,1
配角,1
功课,1
取得胜利,1
嘴皮子,1
通用型,1
1895,1
讲究,1
产业群,1
重要一环,1
有所突破,1
随波逐流,1
设法,1
套系,1
非核心,1
参展,1
厂房,1
资源分配,1
打通,1
追溯,1
沙漠,1
时代背景,1
外招,1
收紧,1
基金,1
生态圈,1
搞错,1
及时发现,1
贸易,1
速度慢,1
更上一层,1
感情用事,1
服务体系,1
打消,1
做实,1
提意见,1
中信,1
身处,1
迟疑,1
纵向,1
市场前景,1
匮乏,1
模拟,1
紧张,1
本地化,1
摸得着,1
走向世界,1
加快脚步,1
刘敏要,1
关键性,1
部要,1
工商登记,1
核心部件,1
数据报表,1
孕育出,1
四大块,1
前列,1
要少犯,1
歌曲,1
孙,1
今年年底,1
卡萨帝,1
出具,1
戒骄戒躁,1
填补,1
逾期,1
脑袋,1
带单,1
发力,1
分散型,1
工作效率,1
五一,1
前装,1
保障线,1
新人,1
并进,1
管理制度,1
知行合一,1
赖育文,1
炊具,1
海内外,1
保有,1
这使,1
主意,1
野生动物,1
概念,1
畜牧,1
经营方式,1
实验,1
述职,1
睡觉,1
千里,1
这方面,1
长远规划,1
换人,1
老毛病,1
长期存在,1
短暂,1
P,1
作家,1
八个,1
现场办公,1
强势,1
犯,1
满意度,1
深,1
浪费,1
达,1
产,1
界限,1
绝对优势,1
总体,1
傲慢,1
第五,1
045,1
要加,1
销,1
充沛,1
离散,1
平安,1
安保,1
研销,1
奥地利,1
干起,1
重生,1
租赁,1
统一规划,1
契合,1
就业,1
紧日子,1
档案,1
畏脚,1
过长,1
虚报,1
返程,1
洗,1
看不清,1
决策依据,1
基础薄弱,1
谨慎,1
以美信,1
宏观,1
心高气傲,1
化危,1
单店,1
各项政策,1
勇立,1
色彩,1
得益于,1
率加,1
敏锐,1
优惠政策,1
清退,1
蓝图,1
外面,1
惩罚,1
每星期,1
教育,1
小电新,1
铁的纪律,1
看好,1
带头作用,1
遗失,1
诗外,1
十年磨一剑,1
1P,1
N,1
获取数据,1
挖掘潜力,1
053,1
细则,1
天地,1
相互信任,1
走回头路,1
模组,1
无需,1
仁者见仁,1
本位主义,1
坚实基础,1
方向性,1
对外开放,1
公众,1
体系化,1
打补丁,1
翻译,1
自我中心,1
要案,1
态势,1
演习,1
瑞仕格,1
推迟,1
内引,1
行者,1
传达,1
不折不扣,1
垂直,1
3000,1
投资规模,1
有权,1
买,1
江山易改,1
再开,1
大力支持,1
始终保持,1
收效,1
英雄本色,1
穷途末路,1
共同点,1
民众,1
流汗,1
品行,1
过低,1
跟随者,1
下降时,1
种好,1
敢不敢,1
024,1
接待,1
七个,1
廉正,1
点燃,1
支撑,1
悄无声息,1
回头,1
自行决定,1
写,1
站稳,1
六个,1
议而不决,1
首要任务,1
权威,1
不断扩大,1
而来,1
奠定,1
一斑,1
一场,1
年轻一代,1
能上能下,1
两极分化,1
年功,1
外界,1
江苏,1
第二批,1
入手,1
解决困难,1
单一,1
展望未来,1
两件事,1
开好,1
宝贵,1
事故,1
销售收入,1
偏居北,1
摩飞,1
及时处理,1
近两年,1
不尽人意,1
登上,1
本页,1
制裁,1
认错,1
展望,1
Will,1
挂名,1
正式,1
不高,1
不该,1
电脑,1
水流,1
跟得上,1
飞快,1
不干,1
减法,1
努力争取,1
张小懿要,1
按计划,1
054,1
贴切,1
人气,1
等级制度,1
蜻蜓点水,1
回潮,1
主攻,1
电视机,1
科技人才,1
参见,1
沼泽,1
提高效率,1
对错,1
透明化,1
Again,1
从区,1
流失率,1
高于,1
短期行为,1
回暖,1
套娃,1
越有,1
沉淀,1
排查,1
提前准备,1
化说,1
专职人员,1
承载,1
破独,1
国家电网,1
化机制,1
多频,1
小分队,1
精密,1
相结合,1
中层,1
枯萎,1
先试,1
晋升,1
小心,1
时不再来,1
绩效评价,1
超额完成,1
求变,1
挣扎,1
We,1
真实性,1
缺口,1
知名品牌,1
渺小,1
壮年,1
拍板,1
心得体会,1
精兵强将,1
独联体,1
目光,1
部队,1
中想,1
镜像,1
简短,1
硬,1
永久,1
无效,1
虽已,1
时代趋势,1
地域性,1
非洲,1
市场趋势,1
淹死,1
航班,1
领导者,1
社长,1
敬畏,1
2009,1
十,1
顾虑,1
80%,1
大浪淘沙,1
兼顾,1
实体化,1
退缩,1
从三大,1
影响力,1
征询,1
产线,1
花里胡哨,1
工具包,1
名,1
放,1
减免,1
邓奔,1
各个系统,1
微清应,1
商业区,1
天下,1
90%,1
退休年龄,1
错,1
以内,1
一无是处,1
庸者,1
额外,1
千里之堤,1
厂,1
地块,1
页面,1
失误,1
壮大,1
学科,1
批判,1
管委会,1
力是,1
技术升级,1
转发,1
连接功能,1
来过,1
全豹,1
一句,1
列出,1
系统地,1
有限公司,1
开了个,1
Helmut,1
看笑话,1
背靠,1
点线面,1
现于,1
京广线,1
收获,1
标线,1
合肥,1
适应性,1
评分,1
开拓市场,1
高精尖,1
见证者,1
贯彻,1
观众,1
扫描,1
五到,1
驾驶舱,1
亟待解决,1
全员,1
权威性,1
常识,1
累计,1
新天地,1
五感,1
同款,1
小步,1
无数个,1
扶助,1
手头,1
要朝,1
用户至上,1
扑面而来,1
即时通讯,1
更远,1
禁用,1
赛马,1
当年,1
无所谓,1
反腐败,1
坚定不移,1
感,1
历史性,1
讲得,1
共性,1
展现出,1
同舟共济,1
开工,1
定位问题,1
做事,1
等级,1
人治,1
住宿,1
抗体,1
配泛,1
依规,1
刘敏,1
销售员,1
院校,1
深刻理解,1
无论怎样,1
日销,1
很强,1
贪大,1
温室,1
信息化,1
大部分,1
跳动,1
作战,1
战略部署,1
例子,1
小型,1
受众,1
协同效应,1
资源重复,1
层,1
惩处,1
下午茶,1
质,1
三层,1
高风险,1
不停,1
革命性,1
着重,1
风管,1
对此,1
骨子里,1
人类文明,1
挽起,1
薄弱环节,1
子女教育,1
两大,1
一同,1
保持良好,1
谦卑,1
放过,1
连续性,1
战略地位,1
稽查,1
毫不动摇,1
离不开,1
列支,1
气去,1
记忆,1
模板,1
看清,1
三波,1
能以,1
无比,1
寡头,1
破坏,1
十大类,1
双重,1
经营策略,1
后退,1
来到,1
处事,1
追,1
淡旺季,1
小卖,1
及线,1
真刀真枪,1
走到,1
更多地,1
汪洋大海,1
兵来将挡,1
粮,1
自保,1
039,1
出厂,1
窜,1
楼盘,1
可靠,1
描绘成,1
lidan8,1
要敢,1
明,1
车企,1
我会,1
多层次,1
合格,1
服从,1
场所,1
抓紧时间,1
上能,1
账户,1
缺失,1
精,1
投票,1
闪耀,1
主推,1
中美关系,1
无一例外,1
此生,1
背水一战,1
无奈,1
强硬,1
主管,1
人情,1
引流,1
广阔,1
非常感谢,1
控制性,1
人口密度,1
四面,1
发展中国家,1
早,1
桌面,1
市场走势,1
稍微,1
有所区别,1
太弱,1
寒冬,1
高点,1
自我完善,1
倒退,1
更深,1
超级,1
大道至简,1
自主权,1
分裂,1
经济波动,1
法人,1
损耗,1
做文章,1
018,1
详见,1
留住,1
大宗,1
保守,1
工资,1
People,1
整治,1
认清,1
不胜任,1
046,1
分公司,1
参股,1
开启,1
航系,1
快速增长,1
保持一致,1
打折,1
商誉,1
厨热营,1
AB,1
空熊,1
一盘散沙,1
顾问,1
脱钩,1
一份,1
能者,1
CDOC,1
紧抓,1
步调一致,1
员工素质,1
一大批,1
放大镜,1
是从,1
表决,1
敏感区域,1
面,1
插件,1
只争朝夕,1
度,1
孙子兵法,1
符合中国,1
辅助,1
雏形,1
长,1
四十年,1
价格优势,1
管制,1
一个个,1
破壁,1
买方,1
一千万,1
服务型,1
之中,1
气息,1
赛跑,1
近十年,1
增长幅度,1
跟摩飞,1
多劳多得,1
梧桐树,1
不用,1
实处,1
刀子,1
P2,1
沦为,1
情绪,1
产品质量,1
赋能者,1
教会,1
冰,1
有史以来,1
对厂,1
可行,1
害怕,1
复购,1
基本要素,1
受中,1
做梦,1
做新事,1
居安思危,1
用到,1
化要,1
卖点,1
平米,1
项,1
恰时,1
进度表,1
高处,1
独占性,1
监测,1
此页,1
生产线,1
特种部队,1
份额,1
工夫,1
更强,1
磨刀不误砍柴工,1
聚焦点,1
由面,1
十八年,1
董事,1
有人,1
生机勃勃,1
统一标准,1
退步,1
长处,1
多样,1
发生变化,1
美创,1
比拼,1
短缺,1
固定,1
重重,1
世界级,1
明白,1
过冬,1
可能性,1
突破现状,1
本年度,1
开发新,1
浑然不知,1
排,1
取而代之,1
一键,1
苦日子,1
实实在在,1
多头,1
禁锢,1
以强,1
完整,1
越陷越深,1
充实,1
开发区,1
4P,1
领先地位,1
一段时间,1
决断力,1
工商管理,1
提货,1
抓紧,1
行为准则,1
人工,1
去革,1
中北大学,1
金融,1
做得好,1
打着,1
奔,1
深远,1
密度,1
来信,1
泄密,1
随之而来,1
满意,1
正确引导,1
弯道,1
合规性,1
有待,1
要从严,1
缩短,1
百花齐放,1
实力,1
出击,1
所说,1
过往,1
销美,1
单独,1
心理咨询,1
予以,1
照妖镜,1
有所作为,1
实践经验,1
无异议,1
野蛮,1
徘徊,1
马龙,1
TCL,1
没人,1
侵犯,1
责任心,1
广告,1
推文,1
给出,1
指出,1
平稳,1
选址,1
提炼出,1
风云突变,1
沧海横流,1
吸取教训,1
重中之重,1
议题,1
第一步,1
回归,1
C2M,1
补救措施,1
Pre,1
项目前期,1
主角,1
话语权,1
财务纪律,1
口碑,1
限期完成,1
避免出现,1
检测,1
事务性,1
逆境,1
新建,1
渴望,1
恢复原状,1
5000,1
粗放式,1
我能,1
领,1
主会场,1
利弊,1
来势凶猛,1
两手,1
距离感,1
积,1
主营业务,1
赢家,1
自然保护区,1
退路,1
020,1
私有化,1
交织,1
瞒报,1
下注,1
经营风险,1
021,1
一城,1
midea,1
应有,1
缺陷,1
自省,1
彻底否定,1
制衡,1
下全,1
持,1
居民,1
056,1
赶不上,1
危,1
货柜,1
吸,1
防备,1
病急乱投医,1
电力,1
此刻,1
绝尘,1
非生产性,1
接纳,1
广告费,1
轮换,1
增效,1
形式化,1
及时性,1
深水,1
跳,1
古话,1
选品,1
起泡,1
正确性,1
倒下,1
层要,1
标签,1
方可,1
干劲,1
特征,1
社保,1
物质基础,1
经济社会,1
突发事件,1
以此,1
推向,1
强项,1
自上而下,1
截流,1
只增,1
并未,1
看不起,1
发出声音,1
批示,1
用户端,1
现状及,1
大乱,1
难以预测,1
无情,1
偷,1
生命安全,1
拘泥于,1
往外,1
迟变,1
制造商,1
法规,1
设置障碍,1
邀请,1
板,1
思想认识,1
东南亚,1
撸,1
双,1
设,1
超车,1
民生,1
爆发,1
差旅费,1
从技术上,1
产品成本,1
再也,1
赴,1
区域规划,1
直管,1
没关系,1
评率,1
快交期,1
奢侈品,1
无所畏惧,1
超出,1
活跃,1
灵活,1
出发点,1
险种,1
开展业务,1
辅类,1
开完,1
命令式,1
处分,1
之上,1
人力资源部,1
旧事,1
分类,1
粉身碎骨,1
量级,1
