word,times
经营,304
推动,277
产品,276
事业部,260
进一步,251
业务,248
市场,231
用户,222
中国,211
做好,196
变革,189
工作,188
创新,181
纪要,174
思维,173
区域,172
企业,170
战略,148
时代,130
发展,130
重点,129
提升,124
突破,124
研发,123
坚定,122
00,122
体系,121
团队,120
未来,111
核心,111
投入,109
布局,108
数字化,108
机制,108
组织,107
内容,106
国内,106
管理,104
能力,100
变化,100
加大,99
提示,98
牵头,98
确保,97
总部,96
转型,96
负责人,94
品牌,93
总监,92
管理层,89
大胆,88
大楼,88
技术,88
整理,87
中央研究院,87
改变,87
方法,87
模式,87
会议室,86
渠道,85
品类,85
体现,81
供应链,77
财经,75
国际,74
海外,74
解决,73
人才,73
现有,73
相关,73
协同,73
总裁办,72
周一,72
梳理,71
项目,70
方向,69
周例会,67
内部,67
效率,66
目标,65
疫情,64
优势,64
体验,62
人力资源,62
建立,60
规划,60
外部,59
引入,59
科技,58
员工,58
运营,57
建设,57
面对,57
机会,57
一致性,56
投资,56
2912,55
管控,55
中心,53
增长,52
改善,52
结构,52
执行,52
平台,51
零售,51
长期,51
思考,49
围绕,49
尝试,49
过程,49
公司,49
制造,49
推进,48
清晰,48
调整,47
志杰,47
资源,46
整体,46
合规,46
落实,46
思路,46
力度,45
电商,45
内销,45
智能化,44
落地,44
行业,44
IoT,44
优化,44
自我,44
总经理,43
抓住,42
小家电,42
互联网,42
活力,42
价值,41
板块,40
标准,39
持续,39
领先,39
高度,38
驱动,38
生活,38
终端,38
传播,38
新的,38
政策,37
强化,37
竞争,37
品质,37
风险,36
鼓励,36
费用,36
服务,35
架构,35
情况,35
主轴,35
审计,35
流程,34
王诣,34
营销,34
全球,34
关注,34
发挥,34
应对,34
激励,34
反思,34
库卡,34
冰箱,34
刚性,34
事项,33
快速,33
代理商,33
统一,33
加快,33
洗衣机,33
数据,33
消费,32
形势,32
层面,32
经济,32
挑战,31
探讨,31
精神,31
汇报,31
事情,31
重视,30
需求,30
主体,30
成本,30
激发,30
部门,30
拿出,30
危机,30
加大力度,30
构建,29
发生,29
价值链,29
影响,29
关键,29
到位,29
传统,29
预算,29
执行力,28
高端,28
聚焦,28
自动化,28
系统,28
家用,28
李佳,28
最终,28
研究,28
评估,28
包括,28
制定,27
策略,27
MIB,27
客户,27
基础,27
势力,27
软件,27
学习,26
微清,26
基础上,26
四大,26
钱伟,26
方案,26
设计,26
文化,26
检讨,26
格局,25
竞争力,25
库存,25
否定,25
分析,25
理念,24
中央空调,24
第一,24
提供,24
原则,24
业绩,24
旗舰店,24
颠覆,23
供应商,23
战略性,23
压力,23
机器人,23
讨论,23
分析会,23
提高,23
现阶段,23
沟通,23
趋势,22
希望,22
家电,22
工厂,22
升级,22
产业,22
前期,22
体制,22
盈利,22
本质,22
研究院,22
借鉴,22
清理,22
高度重视,22
规模,22
面临,22
IT,21
执委会,21
工具,21
带来,21
KUKA,21
定位,21
领域,21
机遇,21
弱势,20
11月,20
提前,20
专业,20
认知,20
五大,20
405,20
收入,20
措施,20
语言,20
达成,20
打破,20
现状,20
销售,20
智能,20
专业人才,19
说到做到,19
评价,19
上线,19
职能部门,19
负责,19
年底,19
开放,19
专项,19
差距,19
总裁,19
路径,19
决策,19
利益,18
事业群,18
原因,18
复工,18
新方法,18
竞争对手,18
障碍,18
责权利,18
三大,18
进度,18
制度,18
面向,18
面向未来,18
跟上,18
完善,17
下沉,17
消费者,17
审批,17
激励机制,17
现金流,17
系统性,17
世界,17
TLSC,17
协助,17
商业模式,17
比例,17
中台,17
拓展,17
努力,17
肖明光,16
错失,16
日常,16
安得,16
资金,16
跟进,16
勇气,16
行动力,16
规则,16
表现,16
商业,16
新势力,16
经历,16
方式,16
程度,16
办公,16
减少,16
意见,16
舞弊,16
空间,16
选择,16
3月,16
支持,16
跨境,16
环节,16
考核,16
并购,15
不确定性,15
案例,15
营运,15
关系,15
主动,15
创造,15
副总监,15
历史,15
12月,15
企划,15
视野,15
吸尘器,15
9月,15
规范,15
独立,15
事件,15
多样性,15
冲击,15
控制,15
果断,15
责任,15
物流,15
上海,15
预算编制,14
研讨,14
导向,14
薪酬,14
订单,14
中央,14
绩效,14
符合,14
激情,14
明年,14
决心,14
运作,14
人力,14
克服,14
速度,14
前提,14
统筹,14
重构,14
工业,14
治理,14
定期,14
匹配,14
智能家居,14
放权,14
洗碗机,13
机电,13
打造,13
具备,13
培育,13
找到,13
力量,13
年会,13
新模式,13
研讨会,13
售后服务,13
抓好,13
年度,13
数字,13
企业家,13
经营管理,13
4月,13
寻找,13
东西,13
参与,13
定义,13
一级,13
论证,13
优秀,13
敏捷性,13
一把手,13
外部环境,13
超过,13
直达,13
6月,13
依然,13
吸取,13
招聘,13
经验,13
务实,13
网点,13
高层次,12
严控,12
更大,12
框架,12
更高,12
断臂,12
潜在,12
采用,12
认同,12
烟机,12
解决方案,12
东盟,12
现象,12
复产,12
各行各业,12
生产,12
扁平化,12
灶具,12
融合,12
困难,12
小电,12
硬件,12
暖通,12
水平,12
形式,12
简单,12
壮士,12
越来越,12
保障,12
孵化,12
社会,12
家电行业,12
设立,12
备案,12
成长,12
指标,12
通报,11
搭建,11
1月,11
全世界,11
非经营性,11
美国,11
彻底解决,11
信息,11
三月,11
层层,11
加速,11
最重要,11
会上,11
内生,11
前端,11
举措,11
要用,11
教训,11
年轻人,11
降低,11
更多,11
前瞻性,11
背景,11
可靠性,11
一系列,11
停留,11
线下,11
授权,11
做出,11
引导,11
一代,11
杜绝,11
意义,11
精简,10
配合,10
特别,10
利用,10
电器,10
分离,10
作用,10
同步,10
值得,10
形式主义,10
7月,10
多元化,10
斗志,10
李忠,10
覆盖,10
COLMO,10
小米,10
保证,10
5月,10
再造,10
成立,10
落到实处,10
OBM,10
内控,10
拥抱,10
九月,10
程程,10
对外,10
一季度,10
期间,10
资本,10
严峻,10
自有,10
成果,10
连接,10
吸引,10
事业部制,10
淘汰,10
要以,10
家装,10
一线,10
责任制,10
国家,10
降本,10
分权,10
高效,10
所有人,10
双十一,10
西式,10
"""+",10
环境,9
缺少,9
投资者,9
留给,9
401,9
中的,9
深刻,9
二十二,9
环保,9
股权,9
打开,9
态度,9
解决问题,9
波动,9
中心化,9
专家,9
十二月,9
增加,9
大循环,9
很大,9
固有,9
话题,9
不错,9
大海,9
10月,9
积累,9
日本,9
扭转局面,9
8月,9
楼宇,9
抓住机会,9
空调,9
改造,9
印度,9
传递,9
阶段,9
无形,9
层级,9
价值观,9
声音,9
看待,9
较大,9
角度,9
优先,9
提出,9
一点,9
价格,9
创新能力,9
交付,9
挖掘,9
配置,9
独家,8
展开,8
重心,8
追求,8
关怀,8
导购,8
天猫,8
周期,8
市场竞争,8
设置,8
共享,8
理性,8
类似,8
既定,8
适度,8
差异化,8
拥有,8
自行,8
成效,8
基地,8
一月,8
园区,8
法务,8
独立性,8
形态,8
四月,8
直营,8
课题,8
内外销,8
工艺,8
县城,8
发现,8
人工成本,8
经理,8
属性,8
供货,8
持续性,8
京东,8
ToB,8
经销商,8
甜头,8
东芝,8
划分,8
更好,8
奖励,8
研发中心,8
同事,8
整改,8
市场化,8
公开,8
纳入,8
成功,8
一刀切,8
氛围,8
和美,8
分配,8
组合,8
细节,8
国产,8
地区,8
六月,8
无数,8
唯一,8
下行,8
缺乏,7
相逢,7
洞察,7
开发,7
职业,7
主义,7
颠覆性,7
思想,7
培养,7
解放思想,7
回到,7
防范,7
新品,7
扁平,7
承担,7
效应,7
冷静,7
预案,7
理解,7
之间,7
紧迫感,7
整合,7
市场需求,7
本土,7
必要性,7
协调,7
短期,7
二十一,7
透明,7
常识性,7
考验,7
岗位,7
场景,7
理清,7
设定,7
健康,7
使命,7
生存,7
商城,7
TOP,7
分灶,7
逻辑,7
后台,7
退货,7
物料,7
对接,7
宣贯,7
吃饭,7
智慧,7
公司化,7
五月,7
十一月,7
2月,7
强大,7
预期,7
创业,7
资产,7
盲目,7
监管,7
更远,7
松懈,7
产销,7
想象,7
董事长,7
清洁,7
运营商,7
自信,7
合作,7
年代,7
启动,7
整体规划,7
步伐,7
全国,7
二十,7
局面,7
分享,7
公共关系,6
备战,6
采取措施,6
深刻反思,6
意识,6
顶层,6
指引,6
听取,6
政府,6
福利待遇,6
生态,6
上海研发中心,6
输出,6
薄弱,6
抢占市场,6
平衡,6
家庭,6
外销,6
引领,6
相互,6
电控,6
年前,6
手册,6
采购,6
手段,6
危机意识,6
华为,6
保护,6
办法,6
灵活性,6
无条件,6
动荡,6
遗留问题,6
苏宁,6
进展,6
扩展,6
倒逼,6
惯性,6
自主创新,6
税务,6
重组,6
精力,6
结构性,6
稳定,6
浪潮,6
小组,6
扭转,6
市值,6
八月,6
走远路,6
跳出,6
国际化,6
稳健,6
头部,6
领军,6
舒适,6
德国,6
格力,6
战斗力,6
上市,6
十月,6
通知,6
调研,6
到来,6
一体,6
实验室,6
时刻,6
率先,6
不见,6
实事求是,6
最佳,6
质量,6
轮岗,6
主动进攻,6
时间表,6
不到,6
退换货,6
超越,6
之外,6
去年,6
动摇,6
侥幸心理,6
僵化,6
任职,6
放在,6
维度,6
形象,6
自以为是,6
从外部,6
统配,6
角落,6
防疫,6
七月,6
阻力,6
进一步提高,5
大势所趋,5
建议,5
展示,5
公示,5
编制,5
崛起,5
节奏,5
代表,5
后续,5
认识到,5
胜利,5
官僚主义,5
效果,5
痛点,5
降到,5
KA,5
新项目,5
反复,5
任命,5
交易,5
自我感觉,5
组建,5
认准,5
盘货,5
利润,5
以人为本,5
开设,5
新型,5
反馈,5
可行性,5
追赶,5
增量,5
范畴,5
扎实,5
暴露,5
出发,5
习惯,5
先进性,5
十字路口,5
大型,5
业态,5
积极主动,5
建设性,5
招募,5
活动,5
倡导,5
剧烈,5
标杆,5
放到,5
战术上,5
信息安全,5
身份,5
成熟,5
To,5
最小,5
变局,5
结算,5
未知,5
结构上,5
统一认识,5
小熊,5
月度,5
游泳,5
家用空调,5
范围内,5
存量,5
1000,5
反对,5
直供,5
电梯,5
内心,5
女性,5
防护,5
勇于,5
管理体系,5
专家型,5
十九,5
基调,5
电子,5
不好,5
舞台,5
王立,5
舆情,5
经验教训,5
取决于,5
想法,5
斗争,5
好转,5
已有,5
效益,5
实行,5
根源,5
产能,5
简单化,5
周五,5
技术创新,5
办公室,5
操作,5
战略目标,5
权力,5
不行,5
乡镇,5
自由,5
半年度,5
区分,5
探索,5
肯定,5
证明,5
充分发挥,5
核心技术,5
愿景,5
会员,5
任用,5
干部,5
危机感,5
专卖店,5
流于形式,5
精益,5
财务,5
衰减,5
先行,5
二月,5
道路,5
尝到了,5
经理人,5
稳定性,5
牵引,5
启用,5
恢复,5
凤凰,5
理想,5
束缚,5
只能,5
客观,5
把握,5
实践,5
当机立断,5
走到,5
成员,5
本土化,5
家中,5
售后,5
烤箱,5
改变现状,5
人均,5
传播方式,5
释放,5
近期,5
主题,5
门店,5
踏实,4
可控,4
前所未有,4
发布,4
放开,4
胡自强,4
承认,4
顺德,4
华凌,4
转向,4
交互,4
涅槃,4
文化氛围,4
推行,4
包容,4
中长期,4
300,4
周二,4
国内外,4
业内,4
市场份额,4
持平,4
分工,4
扭亏,4
魄力,4
节点,4
实施,4
答案,4
十二,4
包容性,4
合作伙伴,4
发展趋势,4
二十八,4
一次性,4
瞻前顾后,4
详细,4
对抗,4
尊重,4
增长点,4
明确责任,4
维护,4
深化,4
人生,4
重要性,4
宏大,4
便利性,4
回报,4
高质量,4
阻碍,4
蛋糕,4
引进,4
产品开发,4
开放式,4
005,4
意大利,4
基本功,4
中间环节,4
年轻化,4
直发,4
响应,4
等待,4
畅想,4
纪律,4
争分夺秒,4
科技进步,4
涉及,4
产品品质,4
短期内,4
母婴,4
激烈,4
新旧,4
切忌,4
运行,4
632,4
单元,4
被动,4
目的,4
厨房,4
眼中,4
促销,4
分解,4
给予,4
共识,4
损失,4
十三,4
风格,4
扩张,4
判断,4
制高点,4
通道,4
优胜劣汰,4
数据分析,4
部长,4
股票,4
多元,4
生存空间,4
逢山开路,4
二十七,4
更快,4
心智,4
复盘,4
分拆,4
事务,4
现金,4
新事物,4
2012,4
补贴,4
适合,4
一家,4
持续改善,4
进攻性,4
面前,4
二十五,4
空白,4
难以,4
着手,4
二十四,4
区隔,4
产品组合,4
标准化,4
监控,4
举报,4
供应,4
新思维,4
用人,4
被动局面,4
收购,4
双循环,4
以下几点,4
商品,4
再犯,4
高层,4
红线,4
在行,4
起到,4
乐观,4
依赖,4
能源,4
跟不上,4
大幅,4
贡献,4
新一轮,4
工人,4
电机,4
温水,4
资产负债表,4
薪资,4
创新型,4
很好,4
新思路,4
前台,4
节能,4
抛弃,4
宠物,4
彻底改变,4
权限,4
启发,4
边界,4
违规行为,4
事后,4
参会,4
使命感,4
定力,4
当断不断,4
修剪,4
经营性,4
战胜,4
天都,4
合理性,4
下线,4
材料,4
处于,4
前沿技术,4
厂家,4
坚守,4
直面,4
赛道,4
附件,4
识别,4
亏损,4
上半年,4
口头上,4
远远,4
远航,4
代理,4
倾斜,4
复制,4
财富,4
法律,4
主动出击,4
发挥作用,4
修正,4
分阶段,4
已确定,4
潜力,4
AWE,4
青蛙,4
漫长,4
背后,4
布谷,4
适者生存,4
修订,4
开放性,4
走访,4
快消品,4
从根本上,4
下降,4
在线,4
梁鹏飞,4
书写,4
出口,3
050,3
文明,3
带动,3
领导,3
创造力,3
指导,3
未能,3
电磁炉,3
博士,3
定价,3
切换,3
检验,3
越南,3
设想,3
此时此刻,3
对内,3
结构调整,3
紧缺,3
部署,3
但要,3
专题会议,3
心态,3
同价,3
Colmo,3
各类,3
%-,3
裁员,3
放宽,3
贴近,3
委员会,3
苦难,3
三亚,3
数量,3
脚步,3
低效,3
管理者,3
职级,3
根本性,3
002,3
回顾,3
固守,3
底价,3
降本增效,3
走向,3
较劲,3
搭桥,3
数据安全,3
会后,3
提到,3
要带头,3
王金,3
看不到,3
二十九,3
源头,3
大中,3
长远,3
经营决策,3
动作,3
要素,3
公平,3
说了算,3
已是,3
常抓不懈,3
044,3
试点,3
KPI,3
分布,3
补课,3
宣传,3
地球,3
消化,3
006,3
主旋律,3
一隅,3
工程,3
无论是,3
独木舟,3
清单,3
总结会,3
基层,3
落后,3
两难,3
寻求,3
新媒体,3
外聘,3
近几年,3
一滴水,3
优品,3
新时代,3
不同于,3
法则,3
明道,3
暂停,3
信心,3
财务报表,3
商务,3
季度,3
摸索,3
洞察力,3
通用,3
去年同期,3
型号,3
重复,3
较慢,3
细胞,3
汽车,3
耐心,3
闭门造车,3
承担责任,3
收费,3
因地制宜,3
感谢,3
开拓,3
福利,3
差异,3
新生代,3
综合,3
安于现状,3
三十,3
沿用,3
公关,3
下半年,3
应收,3
以往,3
R&D,3
表面,3
制造业,3
局限,3
占比,3
培训,3
循环,3
转移,3
全线,3
无法想象,3
体会,3
出差,3
敢想,3
监督,3
统一经营,3
舒服,3
摒弃,3
权益,3
自下而上,3
城市,3
确认,3
要点,3
触点,3
税收,3
008,3
同比,3
绩效考核,3
分中心,3
地位,3
接受,3
逐个,3
主动性,3
009,3
资源配置,3
冰洗,3
岁末年初,3
试错,3
领军人物,3
支离破碎,3
秘书处,3
武汉,3
全屋,3
会前,3
最新,3
把关,3
学员,3
独特性,3
调剂,3
产品线,3
项目组,3
风扇,3
电池,3
日前,3
价格战,3
周三,3
专注,3
人类,3
职责,3
改革,3
尝到,3
向前,3
阿里,3
中东,3
十八,3
多元性,3
规避,3
严肃处理,3
流动,3
韧性,3
战线,3
水手,3
患得患失,3
深入探讨,3
本次,3
顺应时代,3
不断创新,3
单列,3
子公司,3
金额,3
极致,3
土地,3
下决心,3
美智,3
压货,3
MBS,3
变得,3
一夜之间,3
小天鹅,3
小时,3
较好,3
战略规划,3
终将,3
推诿,3
年中,3
科技型,3
主营,3
任何人,3
胸怀,3
底线,3
健全,3
立意,3
真实,3
脱颖而出,3
HR,3
典型,3
犹豫,3
雷厉风行,3
拉开,3
强制性,3
获取,3
光说不做,3
历程,3
毕业生,3
含义,3
流量,3
细化,3
后期,3
遵守,3
手上,3
闭环,3
巨变,3
小团体,3
合并,3
风控,3
新兴,3
伤筋动骨,3
收益,3
风险管理,3
越要,3
主导,3
工程师,3
打好,3
因素,3
跟随,3
交流,3
风口,3
技巧,3
界定,3
强制,3
欧洲,3
头破血流,3
挑战性,3
时期,3
北京,3
性能,3
之下,3
回答,3
放弃,3
丛林,3
最坏,3
导师,3
说话,3
市场推广,3
听不进,3
演练,3
补齐,3
一条路,3
显现,3
严抓,3
后知后觉,3
方方面面,3
心理健康,3
改进,3
压制,3
说明了,3
带领,3
紧紧抓住,3
法治,3
二十三,3
留在,3
纲举目张,3
配送,3
工序,3
必然趋势,3
暴露出,3
至上,3
ToC,3
创新性,3
借助,3
考评,3
积极探索,3
果敢,3
分布式,3
砍掉,3
千载难逢,3
延伸,3
飞速发展,3
面向用户,3
张小懿,3
坐等,3
原有,3
一言堂,3
充分利用,3
端的,3
电饭煲,3
绝不能,3
接触,3
迭代,3
全球化,3
战略意义,3
战术性,3
财务总监,3
慢慢,3
清醒,3
延展,3
基建,3
跨界,3
业务流程,3
特此通知,3
领导力,3
地方,3
消防,3
摆脱,3
停滞,3
人工智能,3
充分准备,3
参考,3
矩阵,3
基本面,3
支出,3
财经纪律,3
换位,3
追回,2
开发者,2
架构设计,2
人性化,2
基石,2
边缘,2
质量奖,2
排名,2
反驳,2
配备,2
欲望,2
同行,2
模块,2
周边,2
十一,2
巨大变化,2
怎么做,2
AI,2
表达,2
从下到上,2
网络,2
所处,2
客观事实,2
财报,2
限制性,2
推广,2
细分,2
反馈机制,2
敏感,2
与众不同,2
非正式,2
无正文,2
按部就班,2
大股东,2
混沌,2
申请,2
飞速,2
025,2
王建国,2
各个环节,2
传承,2
互联互通,2
日新,2
VI,2
中西部,2
贸易,2
责任人,2
手软,2
看得见,2
周四,2
局势,2
深层次,2
年终,2
口罩,2
负责制,2
自主性,2
碎片化,2
意志,2
境界,2
增速,2
积极性,2
捷径,2
缓慢,2
下单,2
研究成果,2
连续,2
更是,2
发扬,2
手机,2
假设,2
红星,2
学院,2
脱胎换骨,2
复合型,2
SI,2
走过,2
面积,2
三季度,2
美金,2
珍惜,2
彼岸,2
宿舍,2
老一套,2
微波炉,2
2011,2
条码,2
日化,2
返回,2
平庸,2
积分制,2
原则上,2
问自己,2
停止,2
红区,2
卖场,2
每周,2
空谈,2
脆弱,2
自制率,2
过后,2
迁出,2
热线,2
好多,2
深度,2
年内,2
干什么,2
管理模式,2
卓有成效,2
腐败,2
奋斗,2
事业,2
不犯,2
技术人员,2
感知,2
尚未,2
过问,2
分化,2
太远,2
大类,2
局限于,2
契机,2
提交,2
034,2
精准,2
筹备,2
指甲,2
无限,2
一大,2
管理机制,2
周边产品,2
海面,2
分销,2
开辟,2
015,2
没有人,2
孤岛,2
足够,2
压缩机,2
APP,2
延展性,2
衰落,2
候选人,2
心理,2
实习生,2
想要,2
全新,2
充满信心,2
拖拉,2
包装,2
生产方式,2
随意,2
状态,2
中国区,2
开发人员,2
均价,2
处罚,2
防线,2
一揽子,2
业务人员,2
快刀斩乱麻,2
封闭,2
机构,2
日以继夜,2
依旧,2
严查,2
资料,2
俄罗斯,2
光电,2
入仓,2
不降,2
明明,2
评定,2
储备,2
企业间,2
西部,2
014,2
苗头,2
其本质,2
二○二〇,2
前推,2
英国,2
出路,2
琼林,2
定性,2
排产,2
和平台,2
敌不过,2
016,2
扰乱,2
招标,2
抓手,2
向好,2
汇率,2
冲动,2
做一套,2
大会,2
合资,2
掉以轻心,2
困局,2
血肉之躯,2
习以为常,2
化整为零,2
实际行动,2
从上到下,2
银河,2
三者,2
既要,2
要同,2
覆辙,2
往前走,2
事实,2
打击,2
美凯龙,2
具体措施,2
上周,2
营造,2
部品,2
交货,2
代工,2
大刀阔斧,2
PPT,2
经受,2
从紧,2
大力发展,2
对象,2
017,2
坚强,2
315,2
026,2
占据,2
转折点,2
扣分,2
减弱,2
步调,2
调整布局,2
协作,2
仍要,2
就职,2
用品,2
安全措施,2
一经,2
根基,2
眼前,2
无人区,2
基因,2
201,2
首歌,2
固化,2
导致,2
明确规定,2
实时,2
稳扎稳打,2
诞生,2
新气象,2
理由,2
法宝,2
怀柔,2
店铺,2
诚恳,2
壁垒,2
日新月异,2
算法,2
芯片,2
正处于,2
熊彼特,2
合同,2
胆识,2
进驻,2
彻查,2
不留,2
基础设施,2
反腐,2
049,2
找自己,2
专人,2
特殊性,2
干涉,2
严惩,2
学历,2
均衡,2
再接再厉,2
车间,2
不稳定的,2
做法,2
河南,2
市场秩序,2
隐患,2
水位,2
结论,2
失败,2
好大喜功,2
大于,2
维修,2
扫地,2
告诉,2
地域,2
外汇,2
展厅,2
关键问题,2
上下游,2
做起,2
之际,2
惧怕,2
瓶颈,2
主观能动性,2
下发,2
潮流,2
突破点,2
齐头并进,2
当前工作,2
发现自己,2
都会,2
计划,2
大时代,2
违规,2
熟悉,2
重点项目,2
做错,2
所需,2
IOT,2
多多的,2
昨天,2
高速,2
准则,2
媒体,2
家电企业,2
归纳,2
大趋势,2
生命力,2
007,2
护理,2
增强,2
往来,2
隐形,2
评审,2
充满活力,2
年初,2
自大,2
斯图加特,2
一体化,2
二十六,2
广交会,2
尽力,2
热情,2
预算外,2
基础性,2
两三,2
EHS,2
本性,2
看不清楚,2
主权,2
消费品,2
在世界上,2
动物,2
承认错误,2
矛盾,2
兼容,2
谈判,2
激活,2
投诉,2
李泽宇,2
035,2
下滑,2
层出不穷,2
解决目前,2
因小失大,2
审核,2
商务中心,2
少说多做,2
测评,2
营销中心,2
仓储,2
平等,2
横向,2
022,2
颜色,2
原地,2
是因为,2
扼杀,2
实干精神,2
构筑,2
040,2
心目中,2
个体,2
Eureka,2
运费,2
巨头,2
甘于,2
见证,2
工作作风,2
纠错,2
创造性,2
取代,2
事物,2
知识产权,2
资格,2
黑天鹅,2
联动,2
层次,2
太阳系,2
老同志,2
合作项目,2
事件处理,2
独特,2
禁止,2
配得上,2
踏踏实实,2
盘点,2
对手,2
既有,2
确保全,2
增值,2
051,2
杠杆,2
老年人,2
阅读,2
敢干,2
扩充,2
硅谷,2
微波,2
跨国公司,2
011,2
汲取,2
严禁,2
地缘,2
两张皮,2
样子,2
确立,2
微信,2
官方,2
未有,2
入口,2
中报,2
提及,2
工业化,2
笑话,2
零部件,2
媒体报道,2
同期,2
江山,2
画地为牢,2
理顺,2
转换,2
精细化,2
放在首位,2
事宜,2
群体,2
029,2
037,2
每月,2
来之不易,2
不惧,2
湖北,2
股东,2
艰辛,2
陷入,2
进攻,2
额度,2
不容乐观,2
优异,2
抱有,2
平凡,2
一部分,2
去除,2
行动起来,2
周转,2
贯穿,2
借口,2
可逆,2
频次,2
会审,2
下放,2
抵抗,2
走弯路,2
可能会,2
调薪,2
拼搏,2
019,2
高举高打,2
找回,2
新领域,2
大潮,2
双线,2
涵义,2
互联时代,2
人才队伍,2
多余,2
敢于创新,2
原材料,2
遇水,2
涡旋,2
表彰,2
生死存亡,2
大小,2
视角,2
错过,2
海尔,2
关键在于,2
发声,2
停滞不前,2
轨道,2
倒推,2
赋予,2
短板,2
小林,2
偏远地区,2
抱怨,2
没能,2
敢想敢干,2
第三波,2
设限,2
扭亏为盈,2
本科,2
提倡,2
筹备工作,2
仿真,2
接地气,2
泥潭,2
重来,2
巴西,2
付出,2
突破性,2
科学家,2
社区,2
检查,2
余地,2
新高度,2
消除,2
注册,2
安装,2
管理系统,2
个人简介,2
进化,2
增设,2
专业人士,2
形势逼人,2
调结构,2
厚积薄发,2
闯劲,2
回避,2
十四,2
032,2
运动员,2
国际法,2
跨部门,2
彩电,2
功能,2
在座,2
购买,2
明后年,2
终会,2
经理制,2
化为,2
学会,2
期货,2
结束,2
董事会,2
设备,2
便捷,2
摸着石头过河,2
整体利益,2
牺牲,2
气质,2
高高在上,2
负面,2
004,2
本位,2
内外部,2
社交,2
幸运,2
要为,2
观望,2
认可,2
逆向,2
外派,2
推到,2
恶化,2
英雄,2
013,2
刀刃,2
惰性,2
行之有效,2
危局,2
协同作用,2
纸上谈兵,2
之内,2
根本原因,2
侵蚀,2
资金流,2
不出,2
优势互补,2
好好,2
交流学习,2
始终,2
兑现,2
迷失,2
融入,2
兴起,2
后顾之忧,2
高科技,2
不断完善,2
畏难情绪,2
系统化,2
困境,2
离职,2
扎扎实实,2
加班加点,2
袖子,2
求生存,2
失真,2
重蹈,2
新高,2
抗争,2
电网,2
GL,2
梦想,2
低于,2
树立,2
免疫力,2
配套,2
年年,2
001,2
ABC,2
不可同日而语,2
实质性,2
卖方市场,2
038,2
新物种,2
漏洞,2
各自为政,2
开支,2
焦虑,2
擦边球,2
米兰,2
占领,2
灵魂,2
调查,2
下定决心,2
一票否决制,2
现如今,2
伊朗,2
低迷,2
步骤,2
优化结构,2
大战略,2
看齐,2
取消,2
管理体制,2
刘敏,2
转化,2
护城河,2
之家,2
有效性,2
展会,2
宽带,2
分支机构,2
市场营销,2
看准,2
很快,2
筹划,2
大阪,2
愈发,2
海南,2
小懿,2
很强,2
国外,2
各项,2
妄自菲薄,2
作风,2
新技术,2
高度一致,2
选拔,2
为辅,2
测试,2
要能,2
带头人,2
市场规律,2
所有者,2
产出,2
深挖,2
降低成本,2
奔跑,2
汇报会,2
焦点,2
撤销,2
本性难移,2
专业化,2
下功夫,2
瞬息万变,2
推倒重来,2
曝光,2
窗口,2
分管,2
建材市场,2
042,2
冲劲,2
主动权,2
美国市场,2
012,2
诸多,2
锁定,1
李丹,1
模组,1
全社会,1
平面媒体,1
保持一致,1
背水一战,1
快速增长,1
销售员,1
幸福,1
子女教育,1
掀起,1
秋冬,1
苏泊尔,1
优秀人才,1
浑然不知,1
技术升级,1
紧抓,1
特此,1
终端产品,1
悄无声息,1
愈加,1
火烧眉毛,1
自主权,1
推卸责任,1
新产品,1
大乱,1
后端,1
传达,1
抗击,1
奠定,1
贴切,1
忧患意识,1
自行决定,1
分散型,1
前列,1
打算,1
钟铮,1
基层人员,1
新鲜血液,1
特定,1
同一个,1
都是新,1
海外投资,1
下属,1
产物,1
敢往,1
轻重缓急,1
追责,1
锦上添花,1
台上,1
2017,1
抢夺,1
永恒,1
科技人才,1
期权,1
格力电器,1
对外开放,1
曾多次,1
呈现,1
迷雾,1
日销,1
方向和,1
节能降耗,1
中期,1
控制系统,1
荣誉,1
走回,1
创始人,1
提炼出,1
单独,1
厨具,1
徘徊,1
统一标准,1
世界级,1
提货,1
商业区,1
逆境,1
看笑话,1
提早,1
保守,1
小卖,1
涌现出,1
打补丁,1
新设,1
遗存,1
共性,1
方针,1
回来,1
买套,1
粗放式,1
对策,1
关乎,1
产品成本,1
呆滞,1
新趋势,1
勇敢,1
下年,1
过往,1
讲真话,1
积极争取,1
小心,1
迟迟,1
实力,1
务要,1
多一倍,1
拍板,1
座谈,1
减法,1
而来,1
看不起,1
薄弱环节,1
底层,1
盘好菜,1
设置障碍,1
目光,1
实实在在,1
滚动,1
警示,1
感受到,1
非常感谢,1
新能源,1
冰山一角,1
品尝,1
公共场所,1
中层,1
AUX,1
参见,1
五感,1
实质,1
分散性,1
都已,1
028,1
禁用,1
大树,1
区域内,1
温度,1
铺开,1
敷衍,1
表面现象,1
293,1
野蛮,1
农业大学,1
增幅,1
安稳,1
很高,1
开拓进取,1
广东省委,1
模板,1
水准,1
起码,1
千人,1
海运,1
能听,1
增长幅度,1
批评,1
一斑,1
步调一致,1
这块,1
子项目,1
数据报表,1
多少年,1
指导小组,1
顾虑,1
大早,1
六月六,1
贯彻,1
聚焦点,1
及时发现,1
新人,1
符合中国,1
收效,1
收官,1
二季度,1
150,1
水流,1
退出,1
构想,1
教会,1
独联体,1
风时,1
分钱,1
能源管理,1
仍未,1
翻译成,1
殉葬品,1
已久,1
创业精神,1
多劳多得,1
批示,1
干劲,1
销售价格,1
信号,1
无缘无故,1
扶助,1
记忆,1
各个单位,1
@midea,1
都站,1
打折,1
预售,1
严格执行,1
雷达,1
在表面上,1
换人,1
商讨,1
多年,1
复制到,1
荆州,1
谨慎,1
出具,1
革命性,1
一站式,1
保有率,1
及时处理,1
拖延,1
大浪淘沙,1
归咎于,1
方向很,1
我行,1
保持警惕,1
地理位置,1
定位问题,1
2010,1
期内,1
近年,1
界面,1
不可避免,1
归口,1
红线按,1
租借,1
打通,1
迟变,1
自我完善,1
质疑,1
路上,1
较小,1
辛苦,1
有助于,1
大山,1
时代背景,1
进程,1
穷途末路,1
与时俱进,1
思索,1
电脑,1
敢为人先,1
更早,1
数智,1
展现出,1
经济发展,1
财务收支,1
歌曲,1
衍生,1
洪波,1
俨然,1
自然,1
等级制度,1
白日梦,1
一律,1
英明,1
同舟共济,1
本年度,1
赋能者,1
超出,1
金融,1
阳奉阴违,1
朴素,1
外界,1
QQ,1
随之而来,1
这场,1
实验,1
迷信,1
本钱,1
优术,1
全豹,1
最前沿,1
开了个,1
030,1
爆发,1
经营风险,1
下大力气,1
清除,1
条条框框,1
所属,1
直管,1
1895,1
档案,1
优质,1
温室,1
芜湖,1
通胀,1
毫不动摇,1
垄断,1
能比,1
提拔,1
古话,1
行船,1
上坡路,1
市场走势,1
身上,1
务虚,1
敏锐,1
真刀真枪,1
认清,1
方显,1
战局,1
细致,1
求变,1
性质,1
当月,1
不断扩大,1
现任,1
产业布局,1
嘴皮子,1
拍马,1
跟得上,1
大规模,1
利弊,1
事前,1
顾问,1
展望,1
标线,1
场地,1
不受,1
南区,1
1933,1
一般性,1
色差,1
外观,1
全方位,1
蓝领,1
自然保护区,1
心无旁骛,1
物质,1
没人,1
建立联系,1
保有量,1
电力,1
车企,1
显示,1
我会,1
连续性,1
推翻,1
不作为,1
功课,1
院校,1
通俗,1
车轮,1
推迟,1
产品型号,1
官僚作风,1
离开,1
傲慢,1
案件,1
违法违纪,1
现状及,1
太大,1
小修,1
生态系统,1
053,1
难点,1
支付,1
大小年,1
设点,1
前行,1
拷问,1
开启,1
深水,1
虽有,1
两手,1
获胜,1
遗失,1
家人,1
说法,1
推向,1
母公司,1
描绘成,1
亚太,1
信息化,1
先进,1
汹涌,1
来到,1
手工,1
退换,1
惩处,1
驾驶舱,1
奖项,1
实体化,1
曝光度,1
适配,1
力争,1
引领者,1
零担,1
此刻,1
路都,1
年轻,1
档次,1
特殊政策,1
打上,1
看得,1
壮年,1
地域性,1
破壁,1
距离感,1
一段时间,1
地板,1
两极分化,1
小补,1
群众演员,1
过多,1
市场前景,1
权威,1
责权,1
听之任之,1
承诺,1
拍打,1
互联,1
强势,1
退休年龄,1
出入口,1
取而代之,1
帆船,1
听见,1
来信,1
成绩,1
收紧,1
爆款,1
丢掉,1
经得起,1
各个系统,1
人为,1
莫过于,1
人才培养,1
设施,1
走出,1
革命,1
突发,1
充分考虑,1
不用,1
照妖镜,1
求生,1
支撑,1
紧日子,1
脚踏实地,1
动手,1
往外看,1
自省,1
认知度,1
干起,1
再不,1
垂直,1
放回,1
量级,1
We,1
机要,1
经营策略,1
生生不息,1
暂时,1
英雄本色,1
财务指标,1
共存,1
最优,1
中美关系,1
艰苦奋斗,1
小分队,1
抓准,1
得过且过,1
队伍,1
征询,1
感情,1
复杂度,1
方向但,1
不值一提,1
买方,1
常识,1
感受,1
站上,1
予以,1
进取心,1
体要,1
体系化,1
集采,1
输送,1
避免出现,1
并存,1
功夫,1
制造商,1
管理制度,1
056,1
问责,1
不复存在,1
048,1
无异议,1
距离,1
场所,1
方法论,1
赶早,1
路易维尔,1
无比,1
责任心,1
时不再来,1
统一规划,1
完整,1
末位,1
越陷越深,1
表决,1
稳步,1
跳动,1
沉浸式,1
优先级,1
按键,1
涉足,1
孙子兵法,1
陪葬品,1
精华,1
决策依据,1
破局,1
无缝,1
洪流,1
大件,1
逾期,1
中北大学,1
敏捷,1
提高效率,1
迎头赶上,1
百花齐放,1
五一,1
影子,1
致远,1
水里,1
拍脑袋,1
区域化,1
解禁,1
状况,1
最起码,1
新楼盘,1
特种部队,1
解放,1
开发区,1
受众,1
作家,1
中都,1
正确性,1
给出,1
具体方法,1
处分,1
总书记,1
齐动,1
知行合一,1
适应性,1
严峻形势,1
延期,1
不拘一格,1
重任,1
方向性,1
雏形,1
编码,1
外出,1
喘气,1
敢不敢,1
内部单位,1
证明了,1
联合,1
脱产,1
选品,1
系统地,1
派驻,1
壮大,1
涨跌,1
新面貌,1
023,1
回应,1
细则,1
周期性,1
揭露,1
一千万,1
里程碑,1
由不得,1
顾炎民,1
暂不,1
佛利,1
科创,1
气息,1
辜负,1
拥堵,1
技术储备,1
兵来将挡,1
控制性,1
发言,1
耐候,1
新世界,1
003,1
占上风,1
中短期,1
打着,1
回潮,1
关起门来,1
引得,1
行为准则,1
削减,1
管制,1
恢复原状,1
宇宙,1
启航,1
反弹,1
住宅区,1
县市,1
联通,1
沦为,1
平安,1
演习,1
老中青,1
不停,1
勇于探索,1
点燃,1
十五日,1
阿里巴巴,1
行动计划,1
零风险,1
潜质,1
轮换,1
干股,1
耐用性,1
浙江,1
宁缺毋滥,1
走路,1
超级,1
满意度,1
回首,1
下降时,1
鲇鱼,1
开好,1
发文,1
服务于,1
追随,1
账户,1
梧桐树,1
修行在个人,1
博弈,1
一拖再拖,1
主航道,1
从现在起,1
顺应,1
备件,1
永远,1
VRF,1
相比,1
过关,1
因循守旧,1
转变成,1
常委,1
整治,1
命令式,1
切断,1
报表,1
差评,1
2008,1
工商登记,1
物资供应,1
企图心,1
招和,1
千里之堤,1
偏离,1
自我检讨,1
建设集团,1
One,1
等级,1
做事,1
虚报,1
冻结,1
自我中心,1
主席台,1
电费,1
sponsor,1
二〇二〇,1
赞扬声,1
大道至简,1
片面,1
无记名投票,1
死灰复燃,1
毁于蚁穴,1
每星期,1
P-People,1
而要,1
经营者,1
经营方式,1
优良,1
优先选择,1
朝气,1
干出,1
阵痛,1
为由,1
充沛,1
智光,1
深冷,1
开工,1
青春,1
消防演习,1
深厚,1
合规性,1
人治,1
责任感,1
淘宝,1
抢先一步,1
前景,1
低调,1
份内,1
朋友,1
特斯拉,1
民众,1
权威性,1
返聘,1
加紧,1
推选,1
上级,1
山头,1
大染缸,1
工夫,1
充实,1
会场,1
三亚会议,1
年轻一代,1
运输,1
银行,1
PL,1
归根,1
杭州,1
无动于衷,1
好话,1
领航,1
统一组织,1
路易威尔,1
截流,1
回顾过去,1
科层化,1
真实性,1
轻装上阵,1
集体,1
拐点,1
决断力,1
抓住机遇,1
京广线,1
对着,1
排查,1
推向市场,1
便利,1
可行,1
挽回损失,1
缩短,1
办公用品,1
多头,1
交织,1
辅助,1
无记名,1
生长,1
犯错误,1
归纳如下,1
毫不犹豫,1
渠道商,1
飘飘然,1
后浪,1
投票表决,1
战略部署,1
科技感,1
有好有坏,1
地块,1
沉重,1
无情,1
行业龙头,1
高精尖,1
序号,1
布置,1
意味着,1
系统管理,1
咖啡机,1
净化器,1
脉搏,1
事务性,1
迈入,1
野生动物,1
产业群,1
认同感,1
交出,1
再次出现,1
破坏,1
年度预算,1
瓦解,1
展望未来,1
干预,1
派人参加,1
延续,1
江苏,1
紧张,1
领先者,1
倒下,1
可靠,1
力挽狂澜,1
远近,1
就业,1
手腕,1
0.5,1
突变,1
新品种,1
反向,1
累计,1
眼皮底下,1
直接影响,1
平均主义,1
传输,1
相聚,1
简短,1
素材,1
带入,1
分钟,1
招内引,1
知易行难,1
批判,1
以身作则,1
以此,1
桌面,1
参差不齐,1
无限量,1
高过,1
开店,1
新形势,1
抢占,1
人工,1
一盘散沙,1
费率,1
期待,1
Helmut,1
自强,1
对了,1
无所畏惧,1
怨天尤人,1
背靠,1
稍微,1
建设项目,1
舆论,1
贸易战,1
口碑,1
召集,1
匮乏,1
遵照执行,1
火锅,1
043,1
风险投资,1
配角,1
搞成,1
很短,1
为基础,1
平稳,1
着重,1
有待,1
主攻,1
时代趋势,1
塑造,1
头条,1
住宿,1
东南亚,1
按计划,1
非生产性,1
从技术上,1
告别,1
有所区别,1
拖入,1
两条腿,1
熟视无睹,1
有权,1
扫描,1
事在人为,1
教育,1
高标准,1
省份,1
有所突破,1
连锁,1
感觉,1
千面,1
侵占,1
减免,1
出自,1
失误,1
内外勾结,1
更新,1
心高气傲,1
分公司,1
弯道,1
近十年,1
仍停留,1
漩涡,1
风云,1
二线,1
多层次,1
下午茶,1
主导力量,1
智者见智,1
生产总值,1
额外,1
开拓精神,1
触及,1
物资,1
新建,1
出国,1
产品质量,1
属于自己,1
专有,1
怀疑,1
老毛病,1
签名,1
台下,1
搞错,1
一定会,1
瑞仕格,1
大萧条,1
潮头,1
透明化,1
过长,1
形式化,1
话语权,1
后退,1
主会场,1
近亲繁殖,1
协同性,1
营收,1
往上走,1
保证数据,1
产业结构,1
后会有期,1
软件开发,1
获取数据,1
大锅饭,1
磨刀不误砍柴工,1
居安思危,1
量化,1
降低库存,1
迅猛,1
剩下,1
紧急,1
无论怎样,1
柔性,1
自主,1
评分,1
重要一环,1
闪耀,1
路口,1
电动车,1
二级,1
使用率,1
兼并,1
投机,1
经济周期,1
角色,1
走回头路,1
年间,1
脱钩,1
临时抱佛脚,1
运营者,1
咨询,1
下旬,1
上班,1
发展中国家,1
赢家,1
监测,1
在用,1
分账,1
奔奔,1
征求,1
恢复正常,1
机械,1
相结合,1
比重,1
降薪,1
人类文明,1
来临,1
纵深,1
引用,1
叙事,1
参照,1
未完成,1
难度,1
掉下来,1
021,1
眼光,1
练好,1
区镇,1
反腐败,1
超常规,1
做梦,1
十七,1
领导者,1
有所作为,1
急功近利,1
上会,1
花里胡哨,1
无效,1
纲领,1
研究工作,1
自上而下,1
百年,1
骨子里,1
大力支持,1
Pre-IPO,1
投身,1
情绪,1
重中之重,1
大面积,1
传播速度,1
做得好,1
表率作用,1
运行机制,1
答卷,1
高级,1
泄密,1
切入,1
逆行,1
Meet,1
起泡,1
戒骄戒躁,1
并未,1
拼劲,1
家居,1
提意见,1
058,1
品牌形象,1
13825566500,1
改变传统,1
重重,1
马太效应,1
Again,1
0.2,1
融资,1
解决困难,1
规范性,1
参股,1
禁锢,1
又是,1
跨国,1
三板,1
政治,1
下坡路,1
指出,1
否决,1
众多,1
问号,1
赛马,1
物业管理,1
必定会,1
都将,1
董事,1
品行,1
止步,1
列出,1
之中,1
快马加鞭,1
茨威格,1
翻译,1
富有,1
产品升级,1
晋升,1
终端用户,1
开阔视野,1
疏导,1
打消,1
亟待解决,1
破茧,1
四十,1
根本变化,1
疲态,1
崭露头角,1
群星,1
从严处理,1
严格遵守,1
稳定增长,1
旗号,1
受限于,1
好头,1
未解决,1
道不明,1
出击,1
进度表,1
吸取教训,1
行权,1
024,1
本地化,1
广阔,1
缺口,1
权责,1
单位预算,1
传统模式,1
员工素质,1
希克斯,1
有史以来,1
可控性,1
凝聚,1
区位,1
敏感性,1
血液,1
惩罚,1
看清,1
多样,1
法国,1
HE,1
班次,1
电视机,1
039,1
一张白纸,1
站稳,1
高处,1
扶持,1
强硬,1
逢迎,1
往下走,1
维修服务,1
淡旺季,1
卖到,1
蓝图,1
姓名,1
操守,1
事实证明,1
打败,1
害怕,1
卓越,1
以内,1
退步,1
同一时间,1
马龙,1
划桨,1
规律,1
务必,1
取胜,1
走老路,1
零售商,1
协同效应,1
工艺技术,1
侵害,1
彻底否定,1
法人,1
当今,1
各项政策,1
不慌,1
抗体,1
资质,1
清和,1
严格控制,1
持久,1
两条线,1
拘泥于,1
太多,1
清查,1
睡觉,1
常态化,1
势在必得,1
生机勃勃,1
内涵,1
法律援助,1
各个部门,1
迟疑,1
感到,1
深受鼓舞,1
有条不紊,1
停车位,1
参展,1
海外机构,1
用户至上,1
戈壁沙漠,1
选址,1
成功经验,1
发育,1
数次,1
卡萨,1
多方面,1
刻不容缓,1
资源重复,1
行政部门,1
一二,1
出厂,1
销售收入,1
拉长,1
特征,1
模仿,1
差旅费,1
流失率,1
运动队,1
怀柔政策,1
游到,1
战略地位,1
经济波动,1
技术革命,1
虚假,1
优惠,1
1992,1
奢侈品,1
不尽人意,1
财务纪律,1
充足,1
针对性,1
个人所得税,1
病急乱投医,1
手头,1
敢作敢为,1
海外经营,1
组织关系,1
放眼,1
听到,1
只争朝夕,1
抗拒性,1
审查,1
区域规划,1
情感,1
整顿,1
报告,1
严峻考验,1
集权,1
有价值,1
一同,1
应届,1
即时通讯软件,1
民生,1
追回来,1
15.2,1
敢做,1
知识型,1
常态,1
不换,1
电视广告,1
做文章,1
055,1
持股,1
充分体现,1
淋漓尽致,1
短期行为,1
有人,1
认错,1
主管,1
更深,1
期望,1
不折不扣,1
警告,1
淹死,1
地理,1
私有化,1
特色,1
稽查,1
赠品,1
离不开,1
不胜任,1
降幅,1
兼顾,1
接纳,1
挣扎,1
衡量,1
宝贵,1
最多,1
犯错,1
初始,1
外移,1
互动,1
难以预测,1
AEG,1
历任,1
工资,1
分支,1
风就,1
满意,1
主意,1
处事,1
传统媒体,1
人道主义,1
复市,1
畅所欲言,1
邀请,1
不多见,1
中英文,1
太慢,1
永久,1
偏差,1
主推,1
摸得着,1
接待,1
出发点,1
三板斧,1
特区,1
克服困难,1
应变能力,1
挤占,1
跟随者,1
长远规划,1
团建,1
惨淡,1
枯萎,1
追溯,1
分走,1
合肥,1
再见,1
冲突,1
敲警钟,1
心里有底,1
执法,1
此生,1
重新制定,1
随波逐流,1
契合,1
探索者,1
得时,1
患上,1
天下,1
返岗,1
始终保持,1
要案,1
并于,1
夸夸其谈,1
新招,1
都让人,1
国庆,1
瞒报,1
玩具,1
特有,1
情况下,1
之上,1
滚滚向前,1
跟踪,1
自保,1
200,1
放过,1
领先地位,1
出处,1
了无,1
保障线,1
呈现出,1
回款,1
加快脚步,1
住房问题,1
回头,1
履约,1
分类,1
010,1
正确引导,1
人员配备,1
水暖,1
价格优势,1
标签,1
态势,1
无尽,1
有可能,1
犹如,1
优秀企业,1
固定,1
分水岭,1
排在,1
最大化,1
原居民,1
首次,1
外籍,1
先抓,1
敢说,1
018,1
议而不决,1
主力,1
裁判员,1
公开场合,1
平分秋色,1
苦日子,1
货币政策,1
及时性,1
海内外,1
王新,1
安保,1
品牌价值,1
仁者见仁,1
发生变化,1
99.9,1
环保部门,1
浮于,1
优惠政策,1
确定性,1
卖点,1
生态建设,1
美国科技,1
承载,1
先试,1
学科,1
中美,1
拾遗补缺,1
租赁,1
制衡,1
二〇二一,1
流转,1
补救措施,1
稳健作风,1
再也,1
抓紧时间,1
外面,1
一百,1
周六,1
爬出,1
丧失,1
046,1
预判,1
陈述,1
分一杯羹,1
货柜,1
精简人员,1
等于,1
老路,1
纠偏,1
逆市,1
竞争能力,1
2009,1
义无反顾,1
外资,1
姑息,1
大浪,1
炊具,1
短视,1
奥地利,1
超额完成,1
当务之急,1
实处,1
高于,1
小步,1
经济社会,1
问问,1
沉淀,1
自古,1
概念,1
场馆,1
国家电网,1
游离,1
密度,1
对此,1
生产要素,1
阶段性,1
作战,1
052,1
北美,1
工程公司,1
吉林,1
流汗,1
插件,1
有形,1
一点一滴,1
乘着,1
进货,1
方可,1
离散,1
江鹏,1
评优,1
寿命,1
通用型,1
坚定不移,1
年限,1
公寓,1
连接功能,1
特约服务,1
镜像,1
份额,1
限期完成,1
自动,1
敬畏,1
刀子,1
要从严,1
依法,1
放心,1
法规,1
造血,1
胜势,1
真话,1
以我为主,1
上世纪,1
损耗,1
亚文化,1
正式,1
制裁,1
主角,1
早已,1
首要任务,1
直连,1
双重,1
入手,1
提前准备,1
受理,1
店面,1
用工,1
不减,1
齐全,1
秘书,1
摆脱困境,1
险种,1
窘态,1
合格,1
投资规模,1
流失,1
演变,1
落入,1
单打独斗,1
行政,1
扑面而来,1
云化,1
例子,1
基本要素,1
孕育出,1
蜻蜓点水,1
IT-RDM,1
放手,1
保护意识,1
生产率,1
海里,1
回归,1
谦卑,1
开拓市场,1
一块,1
渴望,1
现代感,1
重生,1
强谁,1
人情,1
短暂,1
实际上,1
风雨,1
一句话,1
大宗,1
专题,1
坚实基础,1
经济损失,1
非核心,1
良性,1
写道,1
信息系统,1
菜鸟,1
干衣机,1
沉浸,1
渗透,1
日常支出,1
比拼,1
054,1
系里,1
能上能下,1
主营业务,1
大部分,1
共同点,1
节省,1
4000,1
事故,1
行业动态,1
聚在一起,1
传统产业,1
三个一,1
精彩,1
自查,1
紧密结合,1
回复,1
过硬,1
频率,1
蔚来,1
增效,1
快运,1
旧人,1
灵活,1
查到,1
多听,1
高风险,1
减薪,1
超车,1
表率,1
质变,1
输入,1
找出,1
乘风破浪,1
独占性,1
TCL,1
平米,1
历史沿革,1
认清形势,1
井喷,1
造物,1
当年,1
设计公司,1
例会,1
发出声音,1
不愿,1
思想认识,1
公安系统,1
四面,1
观众,1
广积粮,1
经营责任制,1
单一,1
研发部门,1
新天地,1
佐料,1
起点,1
工作汇报,1
不断涌现,1
看好,1
部队,1
纠缠,1
开源节流,1
迫在眉睫,1
交往,1
市场部,1
占率,1
没关系,1
020,1
精干,1
大变,1
征集,1
十年磨一剑,1
空降,1
被捆绑,1
中间商,1
狭隘,1
留住,1
ID,1
高点,1
工具包,1
地图分析,1
小批量,1
退缩,1
045,1
图片,1
强项,1
渺小,1
电动,1
广告,1
套路,1
服务型,1
一楼,1
化繁为简,1
长期存在,1
工作效率,1
3000,1
不该,1
管委会,1
江山易改,1
股份有限公司,1
社保,1
上游,1
祝贺,1
大品牌,1
急于,1
替换,1
核心部件,1
076,1
活跃,1
得益于,1
尚可,1
钻研,1
如有,1
加分,1
明白,1
唯唯诺诺,1
吸收,1
小型,1
所属单位,1
强扶,1
购买过程,1
人间,1
开展业务,1
高杠杆,1
交集,1
挂名,1
物理,1
返程,1
日常化,1
更稳,1
制度性,1
江湖,1
落在,1
从小到大,1
负增长,1
访谈,1
来势凶猛,1
CDOC,1
突发事件,1
后发优势,1
再次发生,1
育文,1
保持良好,1
四季,1
廉正,1
遇到困难,1
小圈子,1
退路,1
习近平,1
侵犯,1
勇于创新,1
本位主义,1
多维度,1
管路,1
展现,1
无所谓,1
项目前期,1
太弱,1
表面文章,1
投产,1
管理费用,1
提醒,1
转发,1
规章制度,1
现代型,1
威斯汀,1
操作技能,1
资源分配,1
评选,1
新格局,1
在后,1
用到,1
跬步,1
防备,1
衔接,1
无奈,1
现场,1
色彩,1
扯皮,1
知名品牌,1
工商管理,1
单店,1
人力资源部,1
庸者,1
绝尘,1
搞平衡,1
乱收费,1
生产力,1
在技术上,1
飞快,1
倒退,1
反复强调,1
很难,1
套购,1
西班牙,1
用户端,1
页面,1
样板,1
对错,1
该投,1
长处,1
旺盛,1
商誉,1
专线,1
拔高,1
贪大,1
述职,1
好事,1
劣势,1
公正,1
相互信任,1
铁三角,1
套娃,1
沼泽,1
两件事,1
能者,1
申报,1
速度慢,1
做生意,1
汪洋大海,1
打硬仗,1
较差,1
大案,1
收获,1
客观性,1
走低,1
建制,1
感情用事,1
前不久,1
税局,1
人气,1
点线面,1
铁的纪律,1
如以,1
一针见血,1
OEM,1
深刻理解,1
缺陷,1
抓紧,1
专卖,1
通讯,1
空气,1
分裂,1
广告费,1
难题,1
一片天,1
讲究,1
兼容问题,1
向内,1
公司法人,1
厂商,1
人格,1
纵向,1
何勤奋,1
走向世界,1
方向上,1
事先,1
实践经验,1
5000,1
县域,1
宁都,1
人数,1
实在,1
经营规模,1
炫耀,1
副总裁,1
市面上,1
分层,1
外在,1
感触,1
大变局,1
挂钩,1
突破现状,1
引流,1
英国女王,1
人员编制,1
四平八稳,1
积分,1
大势,1
赛跑,1
历史性,1
填补,1
十六,1
业务部门,1
专职人员,1
最难,1
员工福利,1
厚度,1
干线,1
办案,1
守住,1
形状,1
听从,1
新增,1
同理,1
开会,1
生产线,1
真功夫,1
核酸,1
再过,1
无一例外,1
精兵强将,1
全局,1
提名奖,1
坚毅,1
绩效评价,1
看不清,1
发挥出来,1
分为,1
过冬,1
关系到,1
虚拟,1
春江,1
试点单位,1
参与度,1
非洲,1
人口密度,1
下移,1
保障性,1
待遇,1
多头并进,1
今日,1
密集,1
挖掘潜力,1
前冲,1
风管机,1
服务体系,1
品牌战略,1
技巧性,1
挽起,1
突如其来,1
粉身碎骨,1
绝对优势,1
赶不上,1
075,1
脆弱性,1
承受,1
沧海横流,1
XM,1
拔地而起,1
近两年,1
浪费时间,1
定量,1
较强,1
缺失,1
深远,1
1929,1
检测,1
拉网式,1
一成不变,1
开刀,1
手起刀落,1
二战,1
贯彻执行,1
疑问,1
什么歌,1
033,1
自发,1
短缺,1
废止,1
Will,1
登上,1
公众,1
前往,1
任人唯亲,1
生态圈,1
一无是处,1
讲话,1
并重,1
全日制,1
lidan,1
基础薄弱,1
主见,1
开完,1
见证者,1
旧事,1
基金,1
大奖,1
涨幅,1
寒冬,1
031,1
应有,1
并举,1
利于,1
中途,1
HOLACON,1
华山,1
零容忍,1
AB,1
界限,1
混乱,1
心理咨询,1
畜牧,1
关键性,1
振臂一呼,1
不断加强,1
心得体会,1
畅销,1
显而易见,1
成就,1
等同于,1
减小,1
议题,1
犹豫不决,1
回暖,1
放大镜,1
科目,1
身处,1
现场办公,1
社长,1
仪式,1
浪费,1
列支,1
敏感区域,1
既定目标,1
集约,1
市场趋势,1
毕业,1
可能性,1
无需,1
双寡头,1
迹象,1
生命安全,1
威灵,1
更上一层,1
设法,1
促使,1
流媒体,1
争夺,1
紧密,1
服从,1
品格,1
精密,1
man,1
宏观,1
音箱,1
模具,1
通吃,1
底气,1
回望,1
沿革,1
相对于,1
侵权,1
恶劣,1
契约,1
带头作用,1
怀着,1
影响力,1
详见,1
清退,1
模拟,1
亿元,1
厂房,1
总体,1
发力,1
下注,1
全员,1
智联,1
